ean,house,brand,product_line,descripcion,ml_leido,grupo_tamaño
3614227755970,BURBERRY,BURBERRY Her (01115),Burberry Her EDP (00004999),BBY HER RG B/L 200ML 18 IV,200.0,ancilar(deo/BL/SG)
3614229820829,BURBERRY,Burberry Hero (01159),Burberry Hero (00005343),BBY HERO DEOSTK 75 ML VP IV,75.0,ancilar(deo/BL/SG)
3616302023707,BURBERRY,Goddess (01229),Goddess EDP (00005919),BBY GODD EDP BL 200 ML IV,200.0,ancilar(deo/BL/SG)
3616302023721,BURBERRY,Goddess (01229),Goddess EDP (00005919),BBY GODD EDP S/G 200ML NANSA IV,200.0,ancilar(deo/BL/SG)
3614226304889,BURBERRY,MR BURBERRY (01084),MR BURBERRY EDT (00004690),BBY MR EDT DEOSTK 75g REG IV,,ancilar(deo/BL/SG)
3614227882928,BURBERRY,MR BURBERRY (01084),MR BURBERRY INDIGO (00004692),MR. BBY INDIGO DEO SPRAY 150ML / 5.0 FL.,150.0,ancilar(deo/BL/SG)
3614226905376,BURBERRY,BODY (01077),BODY ORIGINAL (00004656),BBY WOMAN BODY RG EDP 85ml,85.0,grande(75-125)
3614226904973,BURBERRY,BRIT (01078),BRIT ORIGINAL F (00004659),BBY BRT ORGN F EDP 100 ML IV,100.0,grande(75-125)
3614226905253,BURBERRY,BRIT (01078),BRIT ORIGINAL F (00004659),BBY BRT ORGN F EDT NS 100 ML IV,100.0,grande(75-125)
5045252667859,BURBERRY,BRIT (01078),BRIT ORIGINAL F (00004659),BRIT FOR HER EDP 100ML / 3.3 FL.OZ,100.0,grande(75-125)
3614226905154,BURBERRY,BRIT (01078),BRIT ORIGINAL M (00004752),BBY BRT ORGN M EDT NS 100 ML 22 VP IV,100.0,grande(75-125)
3614226906144,BURBERRY,BRIT (01078),BRIT RHYTHM 2 F (00004661),BBY BRIT RHYTHM WOMEN 2 EDT 90ML,90.0,grande(75-125)
3614226904966,BURBERRY,BRIT (01078),BRIT SPLASH AND SHEER F (00004662),BBY BRT SPLSH F EDT NS 100 ML SHEER IV,100.0,grande(75-125)
5045410703115,BURBERRY,BRIT (01078),BRIT SPLASH AND SHEER F (00004662),BRIT SHEER EDT 100ML,100.0,grande(75-125)
3614226905277,BURBERRY,BRIT (01078),BRIT SPLASH AND SHEER M (00004755),BBY BRT SPLSH M EDTSPL 100 ml 22IV,100.0,grande(75-125)
3614226905185,BURBERRY,CLASSICS (01083),BURBERRY LONDON F (00004683),BBY CLS F RG EDP 100 ML LONDON FEMMES IV,100.0,grande(75-125)
3614226905215,BURBERRY,CLASSICS (01083),BURBERRY LONDON M (00004758),BBY CLS M EDT NS 100 ML MENS LONDON IV,100.0,grande(75-125)
3614226905666,BURBERRY,CLASSICS (01083),BURBERRY ORIGINAL F (00004684),BBY ORGN F EDP 100 ML WM CLASS REP IV,100.0,grande(75-125)
3614226905758,BURBERRY,CLASSICS (01083),BURBERRY ORIGINAL M (00004759),BBY ORGN M RG EDT 100 ML M CLSS RP IV,100.0,grande(75-125)
3616301632771,BURBERRY,Burberry Signatures (01081),BURBERRY Signatures 2021 Scents (00005000),BBY SGN SCNT21 HIGH TEA 12% EDP100ml IV,100.0,grande(75-125)
3616301632856,BURBERRY,Burberry Signatures (01081),BURBERRY Signatures 2021 Scents (00005000),BBY SGN SCNT21 EDP 100ml WINDSR TONIC IV,100.0,grande(75-125)
3614226905000,BURBERRY,CLASSICS (01083),BURBERRY TOUCH F (00004687),BBY TCH F EDP 100 ML REPACK IV,100.0,grande(75-125)
3614227748682,BURBERRY,CLASSICS (01083),BURBERRY TOUCH M (00004762),BBY TCH M RG EDT 100 ML REPACK IV,100.0,grande(75-125)
5045252648988,BURBERRY,CLASSICS (01083),BURBERRY TOUCH M (00004762),MENS TOUCH EDT 100ML / 3.4OZ,100.0,grande(75-125)
3614226905284,BURBERRY,CLASSICS (01083),BURBERRY WEEKEND F (00004688),BBY WKND F EDP 100ML REPACK IV,100.0,grande(75-125)
3614227748446,BURBERRY,CLASSICS (01083),BURBERRY WEEKEND M (00004763),BBY WKND M RG EDT 100 ML REPACK IV,100.0,grande(75-125)
3616305181060,BURBERRY,BURBERRY Her (01115),Burberry Her 7th (00006451),BBY HER 7TH EDP 100ML NS INTENSE IV,100.0,grande(75-125)
3616305947291,BURBERRY,BURBERRY Her (01115),Burberry Her 8th (00006804),BBY HER 8TH PRFM 100ML 26IV,100.0,grande(75-125)
3614227413399,BURBERRY,BURBERRY Her (01115),Burberry Her Blossom (00006186),BBY HER RG EDT 100ML 19 IV,100.0,grande(75-125)
3614227693876,BURBERRY,BURBERRY Her (01115),Burberry Her EDP (00004999),BBY HER EDP EDP 100ml 22IV,100.0,grande(75-125)
3616304061943,BURBERRY,BURBERRY Her (01115),Burberry Her Elixir (00006299),BBY HER ELIXIR EDP 100 ML RG IV,100.0,grande(75-125)
3616301975755,BURBERRY,BURBERRY Her (01115),Burberry Her Green EDT (00006185),BBY HER EDT 5 EDT NS 100 ML RG IV,100.0,grande(75-125)
3616300892442,BURBERRY,BURBERRY Her (01115),Burberry Her London Dream (00005327),BBY HER LON DR EDP 100ML IV,100.0,grande(75-125)
3616307107150,BURBERRY,BURBERRY Her (01115),Burberry Her Wisteria (00007212),BBY HER WIST EDP WISTERIA 100 ML EDP IV,100.0,grande(75-125)
3614229820799,BURBERRY,Burberry Hero (01159),Burberry Hero (00005343),BBY HERO EDT NS 100 ML REFILLABLE VP IV,100.0,grande(75-125)
3614228838016,BURBERRY,Burberry Hero (01159),Burberry Hero EDP (00005823),BBY HERO EDP EDP 100 ML REFILLABLE IV,100.0,grande(75-125)
3616308221169,BURBERRY,Burberry Hero (01159),Burberry Hero HORIZON (00007115),BBY HERO HRZ EDP 100 ML HORIZON IV,100.0,grande(75-125)
3616304679445,BURBERRY,Burberry Hero (01159),Burberry Hero PARFUM (00006348),BBY HERO PARF PRFM 100 ML IV,100.0,grande(75-125)
3616305880604,BURBERRY,Burberry Hero (01159),Burberry Hero PRF INTENSE (00006740),BBY HERO PINT PRFM 100ML INT INTE IV,100.0,grande(75-125)
3616307212861,BURBERRY,Goddess (01229),Goddess Amber Vanilla (00006869),BBY GODD A VNL EDP 100ML VL NCTR IV,100.0,grande(75-125)
3616302020652,BURBERRY,Goddess (01229),Goddess EDP (00005919),BBY GODD EDP RG EDP 100 ML IV,100.0,grande(75-125)
3616305271563,BURBERRY,Goddess (01229),Goddess EXT3 P (00006781),B6 EXT3 P PRFM 100ml IV,100.0,grande(75-125)
3616308224566,BURBERRY,Goddess (01229),Goddess Golden Flower (00007234),BBY GODD G FLW EDP 100 ML GOD IV,100.0,grande(75-125)
3616304967122,BURBERRY,Goddess (01229),Goddess INTENSE (00006596),BBY GODD INT RG EDP 100 ML IV,100.0,grande(75-125)
3616301838210,BURBERRY,MR BURBERRY (01084),MR BURBERRY EDP (00004689),BBY MR EDP 100ML RBR VP IV,100.0,grande(75-125)
5045497416243,BURBERRY,MR BURBERRY (01084),MR BURBERRY EDP (00004689),BBY MR. BBY EDP 100ML,100.0,grande(75-125)
3614229840124,BURBERRY,MR BURBERRY (01084),MR BURBERRY EDT (00004690),BBY MR EDT NS 100ML RBR VP 23 IV,100.0,grande(75-125)
5045456747685,BURBERRY,MR BURBERRY (01084),MR BURBERRY EDT (00004690),BBY MR.BURBERRY EDT 100ML,100.0,grande(75-125)
3614229840094,BURBERRY,MR BURBERRY (01084),MR BURBERRY INDIGO (00004692),BBY MR INDIG RG EDT SPRY 100ml 20 IV,100.0,grande(75-125)
5045551783649,BURBERRY,MR BURBERRY (01084),MR BURBERRY INDIGO (00004692),BBY MR. BURBERRY INDIGO EDT 100ML,100.0,grande(75-125)
3614229829006,BURBERRY,MY BURBERRY (01085),MY BURBERRY BLACK (00004693),BBY MY BLK PRFM 90 ML IV,90.0,grande(75-125)
5045493329011,BURBERRY,MY BURBERRY (01085),MY BURBERRY BLACK (00004693),BBY MY BBY BLACK PARFUM 90ML,90.0,grande(75-125)
3614229829044,BURBERRY,MY BURBERRY (01085),MY BURBERRY BLUSH (00004694),BBY MY BLSH EDP 90 ML IV,90.0,grande(75-125)
5045498902127,BURBERRY,MY BURBERRY (01085),MY BURBERRY BLUSH (00004694),BBY MY BBY BLUSH EDP 90ML,90.0,grande(75-125)
3614226905963,BURBERRY,MY BURBERRY (01085),MY BURBERRY EDP (00004695),BBY MY EDP 90 ML IV,90.0,grande(75-125)
5045419039611,BURBERRY,MY BURBERRY (01085),MY BURBERRY EDP (00004695),MY BBY EDP 90 ML / 3.0 FL.OZ.,90.0,grande(75-125)
3616308589955,BURBERRY,Prorsum Collection (01395),Prorsum Collection Extension (00007331),BBY PRSM EXT EDP 100ML IV,100.0,grande(75-125)
3616306986244,BURBERRY,Prorsum Collection (01395),Prorsum Collection Relaunch (00007040),BBY PRSM EDP 100 ML RLCH IV,100.0,grande(75-125)
3616306986251,BURBERRY,Prorsum Collection (01395),Prorsum Collection Relaunch (00007040),BBY PRSM EDP 100 ML OPEN SKIES RLCH IV,100.0,grande(75-125)
3616306986282,BURBERRY,Prorsum Collection (01395),Prorsum Collection Relaunch (00007040),BBY PRSM EDP 100 ML GARDEN RAIN RLCH IV,100.0,grande(75-125)
3616306986312,BURBERRY,Prorsum Collection (01395),Prorsum Collection Relaunch (00007040),BBY PRSM EDP 100 ML CASHMERE EMB RLCH IV,100.0,grande(75-125)
3616306986367,BURBERRY,Prorsum Collection (01395),Prorsum Collection Relaunch (00007040),BBY PRSM EDP 100 ML GABARD RLCH IV,100.0,grande(75-125)
3616306986374,BURBERRY,Prorsum Collection (01395),Prorsum Collection Relaunch (00007040),BBY PRSM EDP 100 ML LONDON RLCH IV,100.0,grande(75-125)
3616306986381,BURBERRY,Prorsum Collection (01395),Prorsum Collection Relaunch (00007040),BBY PRSM EDP 100 ML KNIGHT RLCH IV,100.0,grande(75-125)
3616306986398,BURBERRY,Prorsum Collection (01395),Prorsum Collection Relaunch (00007040),BBY PRSM EDP 100 ML KENS TRENCH RLCH IV,100.0,grande(75-125)
3616308239324,BURBERRY,Prorsum Collection (01395),Prorsum Collection Relaunch (00007040),BBY PRSM EDP 100 ML PRORSM EXT ENDRNC IV,100.0,grande(75-125)
3616303446055,BURBERRY,Burberry Signatures (01081),Signatures  Sub collection (00006346),BBY SGN SBCOLL EDP 100ML SC SNW BLSSM IV,100.0,grande(75-125)
3616303446062,BURBERRY,Burberry Signatures (01081),Signatures  Sub collection (00006346),BBY SGN SBCOLL EDP 100ML SC OUD STRM IV,100.0,grande(75-125)
3614229408270,BURBERRY,Burberry Signatures (01081),Signatures Clary Sage (00005001),BBY SGN CLARY EDP100ml 10% 19 I,100.0,grande(75-125)
3616305838087,BURBERRY,Burberry Signatures (01081),Signatures Extreme Botanicals Ext (00006757),BBY SGN EB EXT EDP100 GOLDEN HAZE 25IV,100.0,grande(75-125)
3616305838094,BURBERRY,Burberry Signatures (01081),Signatures Extreme Botanicals Ext (00006757),BBY SGN EB EXT EDP 100ML ROSE EMBR VP IV,100.0,grande(75-125)
3614229408249,BURBERRY,Burberry Signatures (01081),Signatures Garden Roses (00004668),BBY SGN GDN RS EDP 100ML 20 VP 25IV,100.0,grande(75-125)
3614226904980,BURBERRY,BRIT (01078),BRIT ORIGINAL F (00004659),BBY BRT ORGN F EDT NS 50 ML IV,50.0,medio(45-60)
3614226905062,BURBERRY,BRIT (01078),BRIT ORIGINAL F (00004659),BBY BRT ORGN F EDP 50 ML IV,50.0,medio(45-60)
5045252667941,BURBERRY,BRIT (01078),BRIT ORIGINAL F (00004659),BRIT FOR HER EDT 50ML / 1.6 FL.OZ. -,50.0,medio(45-60)
5045411327037,BURBERRY,BRIT (01078),BRIT ORIGINAL F (00004659),BRIT FOR HER EDP 50ML / 1.6 FL.OZ.,50.0,medio(45-60)
3614226905161,BURBERRY,BRIT (01078),BRIT ORIGINAL M (00004752),BBY BRT ORGN M EDT NS 50 ML 22 VP IV,50.0,medio(45-60)
3614226905147,BURBERRY,BRIT (01078),BRIT SPLASH AND SHEER F (00004662),BBY BRT SPLSH F EDT NS 50 ML IV,50.0,medio(45-60)
5045347977122,BURBERRY,BRIT (01078),BRIT SPLASH AND SHEER F (00004662),BURBERRY BRIT SHEER EDT 50ML,50.0,medio(45-60)
3614226905093,BURBERRY,BRIT (01078),BRIT SPLASH AND SHEER M (00004755),BBY BRT SPLSH M EDTSPL 50ml 22IV,50.0,medio(45-60)
3614226905192,BURBERRY,CLASSICS (01083),BURBERRY LONDON F (00004683),BBY CLS F RG EDP 50 ML LONDON IV,50.0,medio(45-60)
3614226904997,BURBERRY,CLASSICS (01083),BURBERRY LONDON M (00004758),BBY CLS M EDT NS 50 ML MENS LONDON IV,50.0,medio(45-60)
3614226905697,BURBERRY,CLASSICS (01083),BURBERRY ORIGINAL F (00004684),BBY ORGN F EDP 50 ML WM CLASS REP IV,50.0,medio(45-60)
5045252667330,BURBERRY,CLASSICS (01083),BURBERRY ORIGINAL F (00004684),WOMENS CLASSIC EDP 50ML / 1.7OZ,50.0,medio(45-60)
3614226905789,BURBERRY,CLASSICS (01083),BURBERRY ORIGINAL M (00004759),BBY ORGN M RG EDT 50 ML M CLSS RP IV,50.0,medio(45-60)
5045252667422,BURBERRY,CLASSICS (01083),BURBERRY ORIGINAL M (00004759),MENS CLASSIC EDT 50ML / 1.7OZ,50.0,medio(45-60)
3614227748606,BURBERRY,CLASSICS (01083),BURBERRY TOUCH F (00004687),BBY TCH F EDP 50 ML REPACK IV,50.0,medio(45-60)
3614227748729,BURBERRY,CLASSICS (01083),BURBERRY TOUCH M (00004762),BBY TCH M RG EDT 50 ML REPACK IV,50.0,medio(45-60)
3616305181053,BURBERRY,BURBERRY Her (01115),Burberry Her 7th (00006451),BBY HER 7TH EDP 50ML NS INTENSE IV,50.0,medio(45-60)
3616305947321,BURBERRY,BURBERRY Her (01115),Burberry Her 8th (00006804),BBY HER 8TH PRFM 50ML 26IV,50.0,medio(45-60)
3614228236362,BURBERRY,BURBERRY Her (01115),Burberry Her Blossom (00006186),BBY HER RG EDT 50ML/1.6OZ 19 IV,50.0,medio(45-60)
3614227693920,BURBERRY,BURBERRY Her (01115),Burberry Her EDP (00004999),BBY HER EDP EDP 50ml 22IV,50.0,medio(45-60)
3616304061936,BURBERRY,BURBERRY Her (01115),Burberry Her Elixir (00006299),BBY HER ELIXIR EDP 50 ML RG IV,50.0,medio(45-60)
3616301975748,BURBERRY,BURBERRY Her (01115),Burberry Her Green EDT (00006185),BBY HER EDT 5 EDT NS 50 ML RG IV,50.0,medio(45-60)
3616300892435,BURBERRY,BURBERRY Her (01115),Burberry Her London Dream (00005327),BBY HER LON DR EDP 50ml 22IV,50.0,medio(45-60)
3616307107174,BURBERRY,BURBERRY Her (01115),Burberry Her Wisteria (00007212),BBY HER WIST EDP WISTERIA 50 ML EDP IV,50.0,medio(45-60)
3614229820782,BURBERRY,Burberry Hero (01159),Burberry Hero (00005343),BBY HERO EDT NS 50ML HERO RG IV,50.0,medio(45-60)
3614228838030,BURBERRY,Burberry Hero (01159),Burberry Hero EDP (00005823),BBY HERO EDP EDP 50ML HERO RG IV,50.0,medio(45-60)
3616305947345,BURBERRY,Burberry Hero (01159),Burberry Hero ELIXIR (00006578),BBY HERO ELIXR PRFM 60ML 26IV,60.0,medio(45-60)
3616308221152,BURBERRY,Burberry Hero (01159),Burberry Hero HORIZON (00007115),BBY HERO HRZ EDP 50 ML HORIZON IV,50.0,medio(45-60)
3616304679452,BURBERRY,Burberry Hero (01159),Burberry Hero PARFUM (00006348),BBY HERO PARF PRFM 50ML RG IV,50.0,medio(45-60)
3616304966866,BURBERRY,Burberry Hero (01159),Burberry Hero PRF INTENSE (00006740),BBY HERO PINT PRFM 50ML INTENSE RG IV,50.0,medio(45-60)
3616307212854,BURBERRY,Goddess (01229),Goddess Amber Vanilla (00006869),BBY GODD A VNL EDP 50ML VL NCTR IV,50.0,medio(45-60)
3616302020676,BURBERRY,Goddess (01229),Goddess EDP (00005919),BBY GODD EDP RG EDP 50 ML IV,50.0,medio(45-60)
3616305271556,BURBERRY,Goddess (01229),Goddess EXT3 P (00006781),B6 EXT3 P PRFM 50ml IV,50.0,medio(45-60)
3616308224559,BURBERRY,Goddess (01229),Goddess Golden Flower (00007234),BBY GODD G FLW EDP 50 ML GOD IV,50.0,medio(45-60)
3616304967115,BURBERRY,Goddess (01229),Goddess INTENSE (00006596),BBY GODD INT RG EDP 50 ML IV,50.0,medio(45-60)
3616301838227,BURBERRY,MR BURBERRY (01084),MR BURBERRY EDP (00004689),BBY MR EDP 50 ML RBR VP IV,50.0,medio(45-60)
5045497416212,BURBERRY,MR BURBERRY (01084),MR BURBERRY EDP (00004689),BBY MR. BBY EDP 50ML,50.0,medio(45-60)
3614229840117,BURBERRY,MR BURBERRY (01084),MR BURBERRY EDT (00004690),BBY MR EDT EDT NS 50 ML RBR 23 VP IV,50.0,medio(45-60)
5045456747654,BURBERRY,MR BURBERRY (01084),MR BURBERRY EDT (00004690),BBY B3 EDT 50ML,50.0,medio(45-60)
3614229840193,BURBERRY,MR BURBERRY (01084),MR BURBERRY INDIGO (00004692),BBY MR INDIG RG EDT SPRY 50ml 20 IV,50.0,medio(45-60)
5045551783670,BURBERRY,MR BURBERRY (01084),MR BURBERRY INDIGO (00004692),BBY MR. BURBERRY INDIGO EDT 50ML,50.0,medio(45-60)
3614229828993,BURBERRY,MY BURBERRY (01085),MY BURBERRY BLACK (00004693),BBY MY BLK PRFM 50 ML IV,50.0,medio(45-60)
5045493329042,BURBERRY,MY BURBERRY (01085),MY BURBERRY BLACK (00004693),BBY MY BBY BLACK PARFUM 50ML,50.0,medio(45-60)
3614229829037,BURBERRY,MY BURBERRY (01085),MY BURBERRY BLUSH (00004694),BBY MY BLSH EDP 50 ML RG IV,50.0,medio(45-60)
5045498902158,BURBERRY,MY BURBERRY (01085),MY BURBERRY BLUSH (00004694),BBY MY BBY BLUSH EDP 50ML,50.0,medio(45-60)
3614226905994,BURBERRY,MY BURBERRY (01085),MY BURBERRY EDP (00004695),BBY MY EDP 50 ML IV,50.0,medio(45-60)
5045419039628,BURBERRY,MY BURBERRY (01085),MY BURBERRY EDP (00004695),MY BBY EDP 50 ML / 1.6 FL.OZ.,50.0,medio(45-60)
3616307214353,BURBERRY,Prorsum Collection (01395),Prorsum Collection Relaunch (00007040),BBY PRSM EDP 50 ML GARDEN RAIN IV,50.0,medio(45-60)
3616307214360,BURBERRY,Prorsum Collection (01395),Prorsum Collection Relaunch (00007040),BBY PRSM EDP 50 ML 1856 IV,50.0,medio(45-60)
3616307214377,BURBERRY,Prorsum Collection (01395),Prorsum Collection Relaunch (00007040),BBY PRSM EDP 50 ML GABARDINE IV,50.0,medio(45-60)
3616307214384,BURBERRY,Prorsum Collection (01395),Prorsum Collection Relaunch (00007040),BBY PRSM EDP 50 ML LONDON IV,50.0,medio(45-60)
3616307214391,BURBERRY,Prorsum Collection (01395),Prorsum Collection Relaunch (00007040),BBY PRSM EDP 50 ML KNIGHT IV,50.0,medio(45-60)
3616307214407,BURBERRY,Prorsum Collection (01395),Prorsum Collection Relaunch (00007040),BBY PRSM EDP 50 ML KENS TRENCH IV,50.0,medio(45-60)
3616307214414,BURBERRY,Prorsum Collection (01395),Prorsum Collection Relaunch (00007040),BBY PRSM EDP 50 ML CASHMERE EMB IV,50.0,medio(45-60)
3616307214421,BURBERRY,Prorsum Collection (01395),Prorsum Collection Relaunch (00007040),BBY PRSM EDP 50 ML OPEN SKIES IV,50.0,medio(45-60)
3614226909671,BURBERRY,BRIT (01078),BRIT ORIGINAL F (00004659),BRIT FOR HER EDP ROLL ON 7.5ML/0.25FLOZ,7.5,mini(<=15ml/penspray)
3616304476402,BURBERRY,BURBERRY Her (01115),Burberry Her Blossom (00006186),BBY HER BLOSS EDT NS 10ml PS IV,10.0,mini(<=15ml/penspray)
3614227714670,BURBERRY,BURBERRY Her (01115),Burberry Her EDP (00004999),BBY HER RG EDP R/ON 7.5ML 18 IV,7.5,mini(<=15ml/penspray)
3616304476389,BURBERRY,BURBERRY Her (01115),Burberry Her EDP (00004999),BBY HER EDP 10 ML PS VP IV,10.0,mini(<=15ml/penspray)
3616304085116,BURBERRY,BURBERRY Her (01115),Burberry Her Elixir (00006299),BBY HER ELIXIR EDP PS 10 ML IV,10.0,mini(<=15ml/penspray)
3616304476396,BURBERRY,BURBERRY Her (01115),Burberry Her Green EDT (00006185),BBY HER EDT 5 EDT NS 10ml PS IV,10.0,mini(<=15ml/penspray)
3616307107198,BURBERRY,BURBERRY Her (01115),Burberry Her Wisteria (00007212),BBY HER WIST EDP 10ML WISTERIA PS  IV,10.0,mini(<=15ml/penspray)
3616307512923,BURBERRY,Burberry Hero (01159),Burberry Hero (00005343),BBY HERO EDT NS 10 ML PENSPRAY IV,10.0,mini(<=15ml/penspray)
3616307512930,BURBERRY,Burberry Hero (01159),Burberry Hero EDP (00005823),BBY HERO EDP 10 ML PENSPRAY IV,10.0,mini(<=15ml/penspray)
3616308221190,BURBERRY,Burberry Hero (01159),Burberry Hero HORIZON (00007115),BBY HERO HRZ EDP 10 ML HORIZON IV,10.0,mini(<=15ml/penspray)
3616307212922,BURBERRY,Goddess (01229),Goddess Amber Vanilla (00006869),BBY GODD A VNL EDP 10ML VL NCTR PS IV,10.0,mini(<=15ml/penspray)
3616302020638,BURBERRY,Goddess (01229),Goddess EDP (00005919),BBY GODD EDP RG EDP 10 ML B6 PS IV,10.0,mini(<=15ml/penspray)
3616305271587,BURBERRY,Goddess (01229),Goddess EXT3 P (00006781),B6 EXT3 P PRFM 10ml PENSPRAY IV,10.0,mini(<=15ml/penspray)
3616308224627,BURBERRY,Goddess (01229),Goddess Golden Flower (00007234),BBY GODD G FLW EDP 10 ML GOD PENSPRAY IV,10.0,mini(<=15ml/penspray)
3616304967153,BURBERRY,Goddess (01229),Goddess INTENSE (00006596),BBY GODD INT RG EDP 10 ML B6 PS IV,10.0,mini(<=15ml/penspray)
3614226909718,BURBERRY,MY BURBERRY (01085),MY BURBERRY BLUSH (00004694),MY BBY BLUSH EDP 7.5 ML/0.25FLOZ ROLLON,7.5,mini(<=15ml/penspray)
3616304476419,BURBERRY,MY BURBERRY (01085),MY BURBERRY BLUSH (00004694),BBY MY BLSH EDP 10ml PS IV,10.0,mini(<=15ml/penspray)
3614226905123,BURBERRY,BRIT (01078),BRIT ORIGINAL F (00004659),BBY BRIT FOR HER EDP 30ML,30.0,pequeño(20-40)
3614226905178,BURBERRY,BRIT (01078),BRIT ORIGINAL M (00004752),BBY BRT ORGN M EDT NS 30ml 22IV,30.0,pequeño(20-40)
3614226905031,BURBERRY,BRIT (01078),BRIT SPLASH AND SHEER F (00004662),BBY BRT SPLSH F EDT NS 30ml SHEER 22IV,30.0,pequeño(20-40)
3614226905208,BURBERRY,CLASSICS (01083),BURBERRY LONDON F (00004683),BBY WOMENS LONDON EDP 30ml LIL 22IV,30.0,pequeño(20-40)
3614226905222,BURBERRY,CLASSICS (01083),BURBERRY LONDON M (00004758),BBY CLS M EDT NS 30ml MENS LONDON IV,30.0,pequeño(20-40)
3614226905727,BURBERRY,CLASSICS (01083),BURBERRY ORIGINAL F (00004684),BBY WOMENS CLASSIC EDP 30ML REPACK,30.0,pequeño(20-40)
5045252667361,BURBERRY,CLASSICS (01083),BURBERRY ORIGINAL F (00004684),WOMENS CLASSIC EDP 30ML / 1.0OZ,30.0,pequeño(20-40)
3614226905819,BURBERRY,CLASSICS (01083),BURBERRY ORIGINAL M (00004759),BBY ORGN M RG EDT NS 30ML REPACK 22IV,30.0,pequeño(20-40)
3614227748644,BURBERRY,CLASSICS (01083),BURBERRY TOUCH F (00004687),BBY TCH F RG EDP 30ML REPACK 22IV,30.0,pequeño(20-40)
3614227748767,BURBERRY,CLASSICS (01083),BURBERRY TOUCH M (00004762),BBY TCH M RG EDT NS 30ML REPACK 22IV,30.0,pequeño(20-40)
3614227748361,BURBERRY,CLASSICS (01083),BURBERRY WEEKEND F (00004688),BBY WKND F EDP 30ML REPVP 23IV,30.0,pequeño(20-40)
3614227748521,BURBERRY,CLASSICS (01083),BURBERRY WEEKEND M (00004763),BURBERRY WEEKEND MEN EDT 30ML,30.0,pequeño(20-40)
3616305181046,BURBERRY,BURBERRY Her (01115),Burberry Her 7th (00006451),BBY HER 7TH EDP 30ML NS INTENSE IV,30.0,pequeño(20-40)
3616305947277,BURBERRY,BURBERRY Her (01115),Burberry Her 8th (00006804),BBY HER 8TH PRFM 30ML 26IV,30.0,pequeño(20-40)
3614227413542,BURBERRY,BURBERRY Her (01115),Burberry Her Blossom (00006186),BBY HER RG EDT 30ML/1.0OZ 19 IV,30.0,pequeño(20-40)
3614227693241,BURBERRY,BURBERRY Her (01115),Burberry Her EDP (00004999),BBY HER RG EDP 30ML 18 IV,30.0,pequeño(20-40)
3616304061929,BURBERRY,BURBERRY Her (01115),Burberry Her Elixir (00006299),BBY HER ELIXIR EDP 30 ML RG IV,30.0,pequeño(20-40)
3616301975700,BURBERRY,BURBERRY Her (01115),Burberry Her Green EDT (00006185),BBY HER EDT 5 EDT NS 30 ML RG IV,30.0,pequeño(20-40)
3616300892428,BURBERRY,BURBERRY Her (01115),Burberry Her London Dream (00005327),BBY HER LONDON DREAM EDP RG 30ml 20IV,30.0,pequeño(20-40)
3616307107181,BURBERRY,BURBERRY Her (01115),Burberry Her Wisteria (00007212),BBY HER WIST EDP WISTERIA 30 ML EDP IV,30.0,pequeño(20-40)
3616307212847,BURBERRY,Goddess (01229),Goddess Amber Vanilla (00006869),BBY GODD A VNL EDP 30ML VL NCTR IV,30.0,pequeño(20-40)
3616302020645,BURBERRY,Goddess (01229),Goddess EDP (00005919),BBY GODD EDP RG EDP 30 ML B6 IV,30.0,pequeño(20-40)
3616305271549,BURBERRY,Goddess (01229),Goddess EXT3 P (00006781),B6 EXT3 P PRFM 30ml IV,30.0,pequeño(20-40)
3616308224542,BURBERRY,Goddess (01229),Goddess Golden Flower (00007234),BBY GODD G FLW EDP 30 ML GOD IV,30.0,pequeño(20-40)
3616304967108,BURBERRY,Goddess (01229),Goddess INTENSE (00006596),BBY GODD INT RG EDP 30 ML IV,30.0,pequeño(20-40)
5045497480336,BURBERRY,MR BURBERRY (01084),MR BURBERRY EDP (00004689),MR. BBY EDP TRAVEL SPRAY 30ML / 1.0 FLOZ,30.0,pequeño(20-40)
5045492072703,BURBERRY,MR BURBERRY (01084),MR BURBERRY EDT (00004690),BBY B3 EDT TRAVEL SPRAY 30ML,30.0,pequeño(20-40)
3614229828986,BURBERRY,MY BURBERRY (01085),MY BURBERRY BLACK (00004693),BBY MY BLK  PRFM 30ml  IV,30.0,pequeño(20-40)
5045493331045,BURBERRY,MY BURBERRY (01085),MY BURBERRY BLACK (00004693),BBY MY BBY BLACK PARFUM 30ML,30.0,pequeño(20-40)
3614229829051,BURBERRY,MY BURBERRY (01085),MY BURBERRY BLUSH (00004694),BBY MY BLSH EDP 30 ML EDP 30ML IV IV,30.0,pequeño(20-40)
5045498902189,BURBERRY,MY BURBERRY (01085),MY BURBERRY BLUSH (00004694),My BBY Blush EDP 30 ML / 1.0 FL. OZ.,30.0,pequeño(20-40)
3614226906021,BURBERRY,MY BURBERRY (01085),MY BURBERRY EDP (00004695),BBY MY EDP  EDP 30ml  IV,30.0,pequeño(20-40)
5045419039635,BURBERRY,MY BURBERRY (01085),MY BURBERRY EDP (00004695),MY BBY EDP 30 ML / 1.0 FL.OZ.,30.0,pequeño(20-40)
3616302017003,BURBERRY,BURBERRY Her (01115),Burberry Her EDP (00004999),BBY HER EDP EDP 150 ML JUMBO 21 VP IV,150.0,refill/jumbo(>=150)
3614229820805,BURBERRY,Burberry Hero (01159),Burberry Hero (00005343),BBY HERO EDT NS 150ML HERO RG IV,150.0,refill/jumbo(>=150)
3616304679483,BURBERRY,Burberry Hero (01159),Burberry Hero (00005343),BBY HERO EDT NS 200ml REFILL IV,200.0,refill/jumbo(>=150)
3614228837996,BURBERRY,Burberry Hero (01159),Burberry Hero EDP (00005823),BBY HERO EDP EDP 150ML HERO RG IV,150.0,refill/jumbo(>=150)
3616304679476,BURBERRY,Burberry Hero (01159),Burberry Hero EDP (00005823),BBY HERO EDP EDP 200ML REFILL IV,200.0,refill/jumbo(>=150)
3616308221176,BURBERRY,Burberry Hero (01159),Burberry Hero HORIZON (00007115),BBY HERO HRZ EDP 150 ML HORIZON IV,150.0,refill/jumbo(>=150)
3616308221183,BURBERRY,Burberry Hero (01159),Burberry Hero HORIZON (00007115),BBY HERO HRZ EDP 200 ML REFILL IV,200.0,refill/jumbo(>=150)
3616304679438,BURBERRY,Burberry Hero (01159),Burberry Hero PARFUM (00006348),BBY HERO PARF PRFM 150ML RG IV,150.0,refill/jumbo(>=150)
3616304679469,BURBERRY,Burberry Hero (01159),Burberry Hero PARFUM (00006348),BBY HERO PARF PRFM 200ML REFILL IV,200.0,refill/jumbo(>=150)
3616305880611,BURBERRY,Burberry Hero (01159),Burberry Hero PRF INTENSE (00006740),BBY HERO PINT PRFM 200ML INT REFIL IV,200.0,refill/jumbo(>=150)
3616307212915,BURBERRY,Goddess (01229),Goddess Amber Vanilla (00006869),BBY GODD A VNL EDP 150ML VL NCTR RF IV,150.0,refill/jumbo(>=150)
3616302020669,BURBERRY,Goddess (01229),Goddess EDP (00005919),BBY GODD EDP RG EDP 150 ML B6 REFILL IV,150.0,refill/jumbo(>=150)
3616305271570,BURBERRY,Goddess (01229),Goddess EXT3 P (00006781),B6 EXT3 P PRFM 150ml REFILL IV,150.0,refill/jumbo(>=150)
3616308224610,BURBERRY,Goddess (01229),Goddess Golden Flower (00007234),BBY GODD G FLW EDP 150 ML GOD REFILL IV,150.0,refill/jumbo(>=150)
3616304967146,BURBERRY,Goddess (01229),Goddess INTENSE (00006596),BBY GODD INT RG EDP 150 ML REFILL IV,150.0,refill/jumbo(>=150)
3616301838203,BURBERRY,MR BURBERRY (01084),MR BURBERRY EDP (00004689),BBY MR EDP EDP 150ML RBR VP 23IV,150.0,refill/jumbo(>=150)
3614229840087,BURBERRY,MR BURBERRY (01084),MR BURBERRY EDT (00004690),BBY MR EDT NS 150ML VP 23IV,150.0,refill/jumbo(>=150)
5045456773318,BURBERRY,MR BURBERRY (01084),MR BURBERRY EDT (00004690),BBY MR BBY EDT 150ML,150.0,refill/jumbo(>=150)
3614229840148,BURBERRY,MR BURBERRY (01084),MR BURBERRY INDIGO (00004692),BBY MR INDIG RG EDT SPRY 150ml 20 IV,150.0,refill/jumbo(>=150)
3614227413597,BURBERRY,BURBERRY Her (01115),Burberry Her Blossom (00006186),BBY HER BLOSS RG 7.5/0.25OZ 19 IV,,sin_tamaño
31655513041,CP-Marc Jacobs,Daisy (00492),Daisy (00001760),MJ DAISY B/L 150ML/5.1oz   07,150.0,ancilar(deo/BL/SG)
3616307653015,CP-Marc Jacobs,Daisy (00492),Daisy Body MST (00007164),MJ D BDY MST BMIST 150 ML LEMON SPRTZ IV,150.0,ancilar(deo/BL/SG)
3616307653022,CP-Marc Jacobs,Daisy (00492),Daisy Body MST (00007164),MJ D BDY MST BMIST 150ML MANDARN FIZZ IV,150.0,ancilar(deo/BL/SG)
3616307653039,CP-Marc Jacobs,Daisy (00492),Daisy Body MST (00007164),MJ D BDY MST BMIST 150ML VNLLA GOURMA IV,150.0,ancilar(deo/BL/SG)
3616307653046,CP-Marc Jacobs,Daisy (00492),Daisy Body MST (00007164),MJ D BDY MST BMIST 150ML TROPCAL GLOW IV,150.0,ancilar(deo/BL/SG)
3614225476693,CP-Marc Jacobs,Daisy (00492),Daisy Love (00004272),MJ DAISY Love PRM LTD B/L 150ml 18 IV,150.0,ancilar(deo/BL/SG)
3616304218941,CP-Marc Jacobs,Daisy (00492),Daisy Wild (00006216),MJ DAISY5 S/G 150ml WILD 24IV,150.0,ancilar(deo/BL/SG)
3616304254864,CP-Marc Jacobs,Daisy (00492),Daisy Wild (00006216),MJ D WILD B/L 150 ML RG IV,150.0,ancilar(deo/BL/SG)
3607342522732,CP-Marc Jacobs,DOT (00479),DOT (00001719),MJ DOT EDP 100 ML RG MVA VP IV,100.0,grande(75-125)
3616304940835,CP-Marc Jacobs,DOT (00479),DOT (00001719),MJ DOT EDP 100 ML NEW CAR IV,100.0,grande(75-125)
31655513034,CP-Marc Jacobs,Daisy (00492),Daisy (00001760),MJ DAISY EDT NS 100 ML IV,100.0,grande(75-125)
3607349764241,CP-Marc Jacobs,Daisy (00492),Daisy Dream (00002262),MJ D DREAM EDT NS 100 ML LIL IV,100.0,grande(75-125)
3616301776024,CP-Marc Jacobs,Daisy (00492),Daisy Eau so Intense (00005428),MJ DAISY ESI EDP 100 ML CAP CHG IV,100.0,grande(75-125)
3616303423841,CP-Marc Jacobs,Daisy (00492),Daisy Ever So Fresh (00006419),MJ D SO FRESH EDP 75ML CAP CHANGE VP IV,75.0,grande(75-125)
3616303423858,CP-Marc Jacobs,Daisy (00492),Daisy Ever So Fresh (00006419),MJ D SO FRESH EDP 125ML CAP CHANGE VP IV,125.0,grande(75-125)
3607342221161,CP-Marc Jacobs,Daisy (00492),Daisy Fresh (00001761),MJ FRESH EDT NS 75 ML CAP CHANGE IV,75.0,grande(75-125)
3607342221208,CP-Marc Jacobs,Daisy (00492),Daisy Fresh (00001761),MJ FRESH EDT NS 125 ML CAP CHANGE IV,125.0,grande(75-125)
3614225476570,CP-Marc Jacobs,Daisy (00492),Daisy Love (00004272),MJ D LOVE RG EDT 100 ML CAP CHANGE IV,100.0,grande(75-125)
3614227372375,CP-Marc Jacobs,Daisy (00492),Daisy Love Eau So Sweet (00005283),MJ SWEET EDT NS 100ML ESSRG CAPCHG IV,100.0,grande(75-125)
3616306701687,CP-Marc Jacobs,Daisy (00492),Daisy Wild  EAU so Extra (00007093),MJ D WILD ESE EDP 100 ML SO PARFUM IV,100.0,grande(75-125)
3616303466060,CP-Marc Jacobs,Daisy (00492),Daisy Wild (00006216),MJ D WILD EDP 100ML REFILLABLE IV,100.0,grande(75-125)
3616308447170,CP-Marc Jacobs,Daisy (00492),Daisy Wild Forever (00007105),MJ D WILD FRV EDP 100 ML IV,100.0,grande(75-125)
3616305033055,CP-Marc Jacobs,Daisy (00492),Daisy Wild Intense (00006612),MJ DAISY W INT EDP 100 ML EXTNRFL IV,100.0,grande(75-125)
3607349389062,CP-Marc Jacobs,DOT (00479),Honey (00002329),MJ HONEY EDP 100ml RG MVA IV,100.0,grande(75-125)
3616304940804,CP-Marc Jacobs,DOT (00479),Honey (00002329),MJ HONEY EDP 100ML NEW MADE IN IV,100.0,grande(75-125)
3616307505314,CP-Marc Jacobs,Perfect (01093),Just Perfect (00006576),MJ PERFECT FLK EDP 100 ML IV,100.0,grande(75-125)
3616305869326,CP-Marc Jacobs,Perfect (01093),Perfect Absolute (00006736),MJ PERFECT ABS EDP 100ML 25IV,100.0,grande(75-125)
3614227086227,CP-Marc Jacobs,Perfect (01093),Perfect EDP (00004817),MJ PERFECT EDP 100 ML NEW PILLAR IV,100.0,grande(75-125)
3616303461881,CP-Marc Jacobs,Perfect (01093),Perfect EDT (00006311),MJ PERFECT EDT NS 100 ML IV,100.0,grande(75-125)
3616305187321,CP-Marc Jacobs,Perfect (01093),Perfect Elixir (00006587),MJ PERF ELIX RG EDP 100 ML IV,100.0,grande(75-125)
3616302779994,CP-Marc Jacobs,Perfect (01093),Perfect Intense (00006030),MJ P INT EDP 100 ML RG PRF CMP IV,100.0,grande(75-125)
3607342522619,CP-Marc Jacobs,DOT (00479),DOT (00001719),MJ DOT EDP 50 ML MVA VP IV,50.0,medio(45-60)
3616304940828,CP-Marc Jacobs,DOT (00479),DOT (00001719),MJ DOT EDP 50 ML NEW CAR IV,50.0,medio(45-60)
31655513027,CP-Marc Jacobs,Daisy (00492),Daisy (00001760),MJ DAISY EDT NS 50 ML IV,50.0,medio(45-60)
31655694535,CP-Marc Jacobs,Daisy (00492),Daisy (00001760),MJ DAISY RG EDP 50ml NW PROD 10 IV,50.0,medio(45-60)
3607349764289,CP-Marc Jacobs,Daisy (00492),Daisy Dream (00002262),MJ D DREAM EDTNS 50ML LIL IV,50.0,medio(45-60)
3614220904740,CP-Marc Jacobs,Daisy (00492),Daisy Dream (00002262),MJ DAISY3 RG EDP 50ml DREAM 15 IV,50.0,medio(45-60)
3616301776017,CP-Marc Jacobs,Daisy (00492),Daisy Eau so Intense (00005428),MJ DAISY ESI EDP 50 ML CAP CHG IV,50.0,medio(45-60)
3614225452079,CP-Marc Jacobs,Daisy (00492),Daisy Love (00004272),MJ D LOVE RG EDT 50 ML 4 CHNG 21 IV,50.0,medio(45-60)
3614227372344,CP-Marc Jacobs,Daisy (00492),Daisy Love Eau So Sweet (00005283),MJ SWEET EDT NS 50ML LOV ESS CHNG IV,50.0,medio(45-60)
3616306701670,CP-Marc Jacobs,Daisy (00492),Daisy Wild  EAU so Extra (00007093),MJ D WILD ESE EDP 50 ML SO PARFUM IV,50.0,medio(45-60)
3616304254888,CP-Marc Jacobs,Daisy (00492),Daisy Wild (00006216),MJ D WILD EDP 50ML REFILLABLE IV,50.0,medio(45-60)
3616308447163,CP-Marc Jacobs,Daisy (00492),Daisy Wild Forever (00007105),MJ D WILD FRV EDP 50 ML IV,50.0,medio(45-60)
3616305033048,CP-Marc Jacobs,Daisy (00492),Daisy Wild Intense (00006612),MJ DAISY W INT EDP 50 ML EXTNRFL IV,50.0,medio(45-60)
3616307505307,CP-Marc Jacobs,Perfect (01093),Just Perfect (00006576),MJ PERFECT FLK EDP 50 ML IV,50.0,medio(45-60)
3616305869319,CP-Marc Jacobs,Perfect (01093),Perfect Absolute (00006736),MJ PERFECT ABS EDP 50ML 25IV,50.0,medio(45-60)
3614227086029,CP-Marc Jacobs,Perfect (01093),Perfect EDP (00004817),MJ PERFECT EDP 50 ML NEW PILLAR IV,50.0,medio(45-60)
3616303461874,CP-Marc Jacobs,Perfect (01093),Perfect EDT (00006311),MJ PERFECT EDT NS 50 ML IV,50.0,medio(45-60)
3616305187314,CP-Marc Jacobs,Perfect (01093),Perfect Elixir (00006587),MJ PERF ELIX RG EDP 50 ML IV,50.0,medio(45-60)
3616302780037,CP-Marc Jacobs,Perfect (01093),Perfect Intense (00006030),MJ P INT EDP 50 ML RG PRF CMP IV,50.0,medio(45-60)
3607349697884,CP-Marc Jacobs,Daisy (00492),Daisy (00001760),MJ DAISY RG EDT RB 10ml LIL 20 IV,10.0,mini(<=15ml/penspray)
3607349698355,CP-Marc Jacobs,Daisy (00492),Daisy (00001760),MJ DAISY EDT NS 10ML LIL 23IV,10.0,mini(<=15ml/penspray)
3616304668159,CP-Marc Jacobs,Daisy (00492),Daisy (00001760),MJ DAISY EDT 3.9ml CAPSULES 30u IV,3.9,mini(<=15ml/penspray)
3607349766191,CP-Marc Jacobs,Daisy (00492),Daisy Dream (00002262),MJ DAISY3 RG EDT RB 10ml W/CAR LIL 20 IV,10.0,mini(<=15ml/penspray)
3616303445102,CP-Marc Jacobs,Daisy (00492),Daisy Ever So Fresh (00006419),MJ D SO FRESH EDP 10ML EVSF PSPR 23IV,10.0,mini(<=15ml/penspray)
3607349699970,CP-Marc Jacobs,Daisy (00492),Daisy Fresh (00001761),MJ FRESH EDTSPL RB 10ML LIL VP 25IV,10.0,mini(<=15ml/penspray)
3607349700058,CP-Marc Jacobs,Daisy (00492),Daisy Fresh (00001761),MJ FRESH RG EDT NS10ML IV,10.0,mini(<=15ml/penspray)
3616304668166,CP-Marc Jacobs,Daisy (00492),Daisy Fresh (00001761),MJ FRESH EDT 3.9ml CAPSULES 30u IV,3.9,mini(<=15ml/penspray)
3614225476617,CP-Marc Jacobs,Daisy (00492),Daisy Love (00004272),MJ D LOVE RG EDT 10 ML DAISY4 PS IV,10.0,mini(<=15ml/penspray)
3616304668173,CP-Marc Jacobs,Daisy (00492),Daisy Love (00004272),MJ DAISY4 EDT 3.9ml CAPSULES 30u IV,3.9,mini(<=15ml/penspray)
3614227372252,CP-Marc Jacobs,Daisy (00492),Daisy Love Eau So Sweet (00005283),MJ SWEET EDT NS 10 ML PENSPRAY VP IV,10.0,mini(<=15ml/penspray)
3616307111423,CP-Marc Jacobs,Daisy (00492),Daisy Wild  EAU so Extra (00007093),MJ D WILD ESE EDP 10 ML 10ML PEN SPRY IV,10.0,mini(<=15ml/penspray)
3616305168788,CP-Marc Jacobs,Daisy (00492),Daisy Wild (00006216),MJ D WILD EDP 10 ML PENSPRAY IV,10.0,mini(<=15ml/penspray)
3616308445848,CP-Marc Jacobs,Daisy (00492),Daisy Wild Forever (00007105),MJ DAISY NEW EDP 10 ML YR4 PS IV,10.0,mini(<=15ml/penspray)
3616305033086,CP-Marc Jacobs,Daisy (00492),Daisy Wild Intense (00006612),MJ DAISY W INT EDP 10 LINEXT PS IV,10.0,mini(<=15ml/penspray)
3614224431099,CP-Marc Jacobs,Decadence (00579),Decadence (00002353),MJ DECA RG EDT R/BALL SPRAY 10ml 16 IV,10.0,mini(<=15ml/penspray)
3616307505284,CP-Marc Jacobs,Perfect (01093),Just Perfect (00006576),MJ PERFECT FLK EDP 10 ML IV,10.0,mini(<=15ml/penspray)
3616306098343,CP-Marc Jacobs,Perfect (01093),Perfect Absolute (00006736),MJ PERFECT ABS EDP 10ml PENSPRAY IV,10.0,mini(<=15ml/penspray)
3614227086142,CP-Marc Jacobs,Perfect (01093),Perfect EDP (00004817),MJ PERFECT EDP 10 ML PEN SPR IV,10.0,mini(<=15ml/penspray)
3616304476068,CP-Marc Jacobs,Perfect (01093),Perfect EDT (00006311),MJ PERFECT EDT EDT NS 10ML PENSPRAY IV,10.0,mini(<=15ml/penspray)
3616305264022,CP-Marc Jacobs,Perfect (01093),Perfect Elixir (00006587),MJ PERF ELIX RG EDP 10 ML PS IV,10.0,mini(<=15ml/penspray)
3616301799764,CP-Marc Jacobs,Perfect (01093),Perfect Intense (00006030),MJ P INT EDP 10ML PS GWP 23IV,10.0,mini(<=15ml/penspray)
3614229159035,CP-Marc Jacobs,Daisy (00492),Daisy (00001760),MJ DAISY EDT NS 30 ML IV,30.0,pequeño(20-40)
3607349764326,CP-Marc Jacobs,Daisy (00492),Daisy Dream (00002262),MJ D DREAM EDT NS 30 ML LIL IV,30.0,pequeño(20-40)
3616301776000,CP-Marc Jacobs,Daisy (00492),Daisy Eau so Intense (00005428),MJ DAISY ESI EDP 30 ML CAP CHG IV,30.0,pequeño(20-40)
3616303423834,CP-Marc Jacobs,Daisy (00492),Daisy Ever So Fresh (00006419),MJ D SO FRESH EDP 30ML CAP CHANGE VP IV,30.0,pequeño(20-40)
3607342291300,CP-Marc Jacobs,Daisy (00492),Daisy Fresh (00001761),MJ FRESH RG EDT PURSE 20ml REFILL 11 IV,20.0,pequeño(20-40)
3614229159073,CP-Marc Jacobs,Daisy (00492),Daisy Fresh (00001761),MJ FRESH EDT NS 30 ML CAP CHANGE IV,30.0,pequeño(20-40)
3614225452949,CP-Marc Jacobs,Daisy (00492),Daisy Love (00004272),MJ D LOVE RG EDT 30 ML 4 CHNG 21 IV,30.0,pequeño(20-40)
3614227372290,CP-Marc Jacobs,Daisy (00492),Daisy Love Eau So Sweet (00005283),MJ SWEET EDT NS 30 ML LOV ESS CHNG IV,30.0,pequeño(20-40)
3616306701663,CP-Marc Jacobs,Daisy (00492),Daisy Wild  EAU so Extra (00007093),MJ D WILD ESE EDP 30 ML SO PARFUM IV,30.0,pequeño(20-40)
3616304254871,CP-Marc Jacobs,Daisy (00492),Daisy Wild (00006216),MJ D WILD EDP 30ML REFILLABLE IV,30.0,pequeño(20-40)
3616308447156,CP-Marc Jacobs,Daisy (00492),Daisy Wild Forever (00007105),MJ D WILD FRV EDP 30 ML IV,30.0,pequeño(20-40)
3616305033031,CP-Marc Jacobs,Daisy (00492),Daisy Wild Intense (00006612),MJ DAISY W INT EDP 30 ML EXTNRFL IV,30.0,pequeño(20-40)
3614221235041,CP-Marc Jacobs,Decadence (00579),Decadence (00002353),MJ DECA RG EDP 30ml 15 IV,30.0,pequeño(20-40)
3616307505291,CP-Marc Jacobs,Perfect (01093),Just Perfect (00006576),MJ PERFECT FLK EDP 30 ML IV,30.0,pequeño(20-40)
3616305869302,CP-Marc Jacobs,Perfect (01093),Perfect Absolute (00006736),MJ PERFECT ABS EDP 30ML 25IV,30.0,pequeño(20-40)
3616302777228,CP-Marc Jacobs,Perfect (01093),Perfect EDP (00004817),MJ PERFECT EDP 30 ML IV,30.0,pequeño(20-40)
3616303461867,CP-Marc Jacobs,Perfect (01093),Perfect EDT (00006311),MJ PERFECT EDT NS 30 ML IV,30.0,pequeño(20-40)
3616305187307,CP-Marc Jacobs,Perfect (01093),Perfect Elixir (00006587),MJ PERF ELIX RG EDP 30 ML IV,30.0,pequeño(20-40)
3616302025930,CP-Marc Jacobs,Perfect (01093),Perfect Intense (00006030),MJ P INT EDP 30 ML IV,30.0,pequeño(20-40)
3616301787242,CP-Marc Jacobs,Daisy (00492),Daisy (00001760),MJ DAISY EDT NS 200 ML IV,200.0,refill/jumbo(>=150)
3616301787235,CP-Marc Jacobs,Daisy (00492),Daisy Love (00004272),MJ D LOVE RG EDT 150 ML CAP CHANGE IV,150.0,refill/jumbo(>=150)
3616303466077,CP-Marc Jacobs,Daisy (00492),Daisy Wild (00006216),MJ D WILD EDP 150ml WILD REFILL IV,150.0,refill/jumbo(>=150)
3616304254215,CP-Marc Jacobs,Perfect (01093),Perfect EDP (00004817),MJ PERFECT EDP 150ML IV,150.0,refill/jumbo(>=150)
3614227912649,Gucci,Gucci Bloom (01043),Gucci Bloom - Gocce Di Fiori & Rituals (00004841),GUCCI BM INTS RG PERFUM SOAP 150G 19 IV,,ancilar(deo/BL/SG)
8005610481449,Gucci,Gucci Bloom (01043),Gucci Bloom EDP (00004476),GUCCI BLOOM SG 200ML,200.0,ancilar(deo/BL/SG)
8005610524320,Gucci,Gucci Guilty (00840),Gucci Guilty Absolute Pour Femme (00004475),GUCCI GUILTY ABSO PF SG 150ML,150.0,ancilar(deo/BL/SG)
3616303855949,Gucci,Gucci Guilty (00840),Gucci Guilty Pour Femme EDP (00005015),GUCCI G PF EDP S/G 150 ML NANSA IV,150.0,ancilar(deo/BL/SG)
3616303855956,Gucci,Gucci Guilty (00840),Gucci Guilty Pour Femme EDP (00005015),GUCCI G PF EDP BL 150 ML IV,150.0,ancilar(deo/BL/SG)
3616302033683,Gucci,Gucci Guilty (00840),Gucci Guilty Pour Homme (00003463),GUCCI GUILT H DEOSTK 75 ML VP IV,75.0,ancilar(deo/BL/SG)
3616303855925,Gucci,Gucci Guilty (00840),Gucci Guilty Pour Homme (00003463),GUCCI GUILT H S/G 150 ML NANSA VP IV,150.0,ancilar(deo/BL/SG)
3616303855932,Gucci,Gucci Guilty (00840),Gucci Guilty Pour Homme (00003463),GUCCI GUILT H DEO NS 150ml 23IV,150.0,ancilar(deo/BL/SG)
3614227576032,Gucci,Gucci Luxury Collection (01096),Gucci Luxury Collection (00004823),GUCCI LUX RG PRFM OIL VIOLET 20ml 18 IV,20.0,ancilar(deo/BL/SG)
3614227576049,Gucci,Gucci Luxury Collection (01096),Gucci Luxury Collection (00004823),GUCCI LUX PRFOIL 20 ML OIL NOCTURNL IV,20.0,ancilar(deo/BL/SG)
3614227576056,Gucci,Gucci Luxury Collection (01096),Gucci Luxury Collection (00004823),GUCCI LUX RG PRF OIL FORGTN ROSE 20ML IV,20.0,ancilar(deo/BL/SG)
3614227576070,Gucci,Gucci Luxury Collection (01096),Gucci Luxury Collection (00004823),GUCCI LUX RG MELANC PRFM OIL 20ml 20IV,20.0,ancilar(deo/BL/SG)
3616305909626,Gucci,Gucci Luxury Collection (01096),Gucci Luxury Collection (00004823),GUCCI LUX PRFOIL 20ml A FORGTTN ROSE  IV,20.0,ancilar(deo/BL/SG)
3616305909671,Gucci,Gucci Luxury Collection (01096),Gucci Luxury Collection (00004823),GUCCI LUX PRFOIL 20ml ODE ON MELANC IV,20.0,ancilar(deo/BL/SG)
3616306639553,Gucci,Gucci Luxury Collection (01096),Gucci Luxury Collection (00004823),GUCCI LUX PRFOIL 20ml A NOCT WHISPER  IV,20.0,ancilar(deo/BL/SG)
3616303048181,Gucci,Gucci Flora (01228),Flora Gorgeous Jasmine  (00005984),GUCCI FL G JSM EDP FL 100ML VP IV,100.0,grande(75-125)
8005610367149,Gucci,Flora by Gucci (00837),Flora by Gucci EDT (00003440),GUCCI FLO EDT RG EDT NS 75ml,75.0,grande(75-125)
3616302022472,Gucci,Gucci Flora (01228),Gorgeous Gardenia (00005915),GUCCI FL GG EDP 100 ML UPGRADE REG IV,100.0,grande(75-125)
737052925127,Gucci,Gucci Bamboo (00838),Gucci Bamboo EDP (00003448),GUCCI BAM EDP RG EDP 75 ML IV,75.0,grande(75-125)
8005610295077,Gucci,Gucci Bamboo (00838),Gucci Bamboo EDT (00003449),GUCCI BAM EDT EDT NS 75ML Y2 STK IV,75.0,grande(75-125)
3614226761484,Gucci,Gucci Bloom (01043),Gucci Bloom - Acqua Di Fiori (00004477),GUCCI BM AQ DI FI EDT RG NS 100ml 18 IV,100.0,grande(75-125)
3614227570023,Gucci,Gucci Bloom (01043),Gucci Bloom - Nettare Di Fiori (00004835),GUCCI BM NETDIFIORI RG EDP 100ml 18 IV,100.0,grande(75-125)
3614228958691,Gucci,Gucci Bloom (01043),Gucci Bloom Ambrosia Di Fiori (00005235),GUCCI BM AMBR RG EDP 100ml 19 IV,100.0,grande(75-125)
3616306976207,Gucci,Gucci Bloom (01043),Gucci Bloom Ambrosia dOro (00006855),GUCCI BM BQT PRFM 100 ML ABSOLU REG IV,100.0,grande(75-125)
3614229461312,Gucci,Gucci Bloom (01043),Gucci Bloom Chapter 5 - Line (00005236),GUCCI BM CHPT5 EDP 100ml 22IV,100.0,grande(75-125)
3616306115934,Gucci,Gucci Bloom (01043),Gucci Bloom Chrysalis (00006776),GUCCI CHRYLS PRFM 100 ML IV,100.0,grande(75-125)
3616308110302,Gucci,Gucci Bloom (01043),Gucci Bloom EDP (00004476),GUCCI BM EDP 100 ML IV,100.0,grande(75-125)
8005610481005,Gucci,Gucci Bloom (01043),Gucci Bloom EDP (00004476),GUCCI BM EDP 100 ML IV,100.0,grande(75-125)
3616304249716,Gucci,Gucci Bloom (01043),Gucci Bloom EDP Intense (00006292),GUCCI BM EDPIN EDP 100 ML IV,100.0,grande(75-125)
3616302514298,Gucci,Gucci Bloom (01043),Gucci Bloom EDT (00005943),GUCCI BM EDT NS 100 ML RG IV,100.0,grande(75-125)
3616308224047,Gucci,Gucci Bloom (01043),Gucci Bloom Signature (00007298),GUCCI BM SIGN EDP 100 ML GUCCIBLOOM IV,100.0,grande(75-125)
3616305275745,Gucci,Gucci Flora (01228),Gucci Flora Gorgeous Gardenia Intense (00007022),GUCCI FLG EDPI PRFM 100 ML INTENSE IV,100.0,grande(75-125)
3616303470791,Gucci,Gucci Flora (01228),Gucci Flora Gorgeous Magnolia (00006454),GUCCI FL G MAG RG EDP 100 ML SCREW IV,100.0,grande(75-125)
3616308181814,Gucci,Gucci Flora (01228),Gucci Flora Gorgeous Magnolia EDPI (00007240),GU FL MG EDPI EDP 100 ML IV,100.0,grande(75-125)
3616305169273,Gucci,Gucci Flora (01228),Gucci Flora Gorgeous Orchid (00006613),GUCCI FL G ORC EDP 100 ML VP IV,100.0,grande(75-125)
3616306727601,Gucci,Gucci Flora (01228),Gucci Flora Gorgeous Orchid Intense (00007099),GUCCI FLGO INT EDP 100 ML REG IV,100.0,grande(75-125)
3616306986633,Gucci,Gucci Guilty (00840),Gucci Guilty Absolute Pour Femme (00004475),GUCCI G ABSOW EDP 90 ML IV,90.0,grande(75-125)
8005610524177,Gucci,Gucci Guilty (00840),Gucci Guilty Absolute Pour Femme (00004475),GUCCI G ABSOW EDP 90ML RG PRFM STK IV,90.0,grande(75-125)
3616306986664,Gucci,Gucci Guilty (00840),Gucci Guilty Absolute Pour Homme (00003472),GUCCI G ABSO EDP 90 ML IV,90.0,grande(75-125)
8005610344157,Gucci,Gucci Guilty (00840),Gucci Guilty Absolute Pour Homme (00003472),GUCCI G ABSO EDP 90ML RG PH STK IV,90.0,grande(75-125)
737052626062,Gucci,Gucci Guilty (00840),Gucci Guilty Black (00003464),GUCCI G BLK EDT NS 75ml GAL IV,75.0,grande(75-125)
3616305820846,Gucci,Gucci Guilty (00840),Gucci Guilty Black Pour Homme (00003465),GUCCI G BLK H RG EDT 90 ML ESSENCE IV,90.0,grande(75-125)
737052626383,Gucci,Gucci Guilty (00840),Gucci Guilty Black Pour Homme (00003465),GUCCI G BLK H RG EDT NS REST 90ml 20 IV,90.0,grande(75-125)
730870174623,Gucci,Gucci Guilty (00840),Gucci Guilty Eau (00003466),GUCCI GUILTY EAU EDT 75ML,75.0,grande(75-125)
737052525037,Gucci,Gucci Guilty (00840),Gucci Guilty Intense (00003468),GUCCI G INT EDP 75ml GAL IV,75.0,grande(75-125)
3616307953320,Gucci,Gucci Guilty (00840),Gucci Guilty New27 pour Homme (00007262),GG NEW27 PH EDT NS 90 ML INTENSE IV,90.0,grande(75-125)
3616301976141,Gucci,Gucci Guilty (00840),Gucci Guilty PF 21 (00005854),GG PF21 EDT NS 90 ML IV,90.0,grande(75-125)
3616301794639,Gucci,Gucci Guilty (00840),Gucci Guilty PF NEW 22 (00006018),GG PF EDP 90 ML INTENSE IV,90.0,grande(75-125)
3614229382129,Gucci,Gucci Guilty (00840),Gucci Guilty PH Eau de Parfum (00005405),GG PH P EDP 90 ML IV,90.0,grande(75-125)
3616301794608,Gucci,Gucci Guilty (00840),Gucci Guilty PH NEW 22 (00006019),GG PH EDP 90 ML PARFUM VP IV,90.0,grande(75-125)
737052338262,Gucci,Gucci Guilty (00840),Gucci Guilty Pour Femme (00003462),GUCCI GUILTY EDT VAPO 75ML GAL,75.0,grande(75-125)
3614227758162,Gucci,Gucci Guilty (00840),Gucci Guilty Pour Femme EDP (00005015),GUCCI G PF EDP EDP 90 ML IV,90.0,grande(75-125)
737052339047,Gucci,Gucci Guilty (00840),Gucci Guilty Pour Homme (00003463),GUCCI GUILT H EDT NS 90 ML IV,90.0,grande(75-125)
3614227767737,Gucci,Gucci Luxury Collection (01096),Gucci Luxury Collection (00004823),GUCCI LUX RG EDP EYES OF TIGER 100ML IV,100.0,grande(75-125)
3614227767782,Gucci,Gucci Luxury Collection (01096),Gucci Luxury Collection (00004823),GUCCI LUX RG EDP 100ml WINTERS SPRING IV,100.0,grande(75-125)
3614227767836,Gucci,Gucci Luxury Collection (01096),Gucci Luxury Collection (00004823),GUCCI LUX RG GARDEN VRGN V2 EDP 100 19IV,100.0,grande(75-125)
3614227767881,Gucci,Gucci Luxury Collection (01096),Gucci Luxury Collection (00004823),GUCCI LUX RG EDP GARDEN SUMMER100ML 18IV,100.0,grande(75-125)
3614227767935,Gucci,Gucci Luxury Collection (01096),Gucci Luxury Collection (00004823),GUCCI LUX RG EDP GARDEN GODESS100ML 18IV,100.0,grande(75-125)
3614227767980,Gucci,Gucci Luxury Collection (01096),Gucci Luxury Collection (00004823),GUCCI LUX RG EDP SONG FOR ROSE 100ML IV,100.0,grande(75-125)
3614227768031,Gucci,Gucci Luxury Collection (01096),Gucci Luxury Collection (00004823),GUCCI LUX RG EDP VOICE OF SNAKE 100ML IV,100.0,grande(75-125)
3614228839709,Gucci,Gucci Luxury Collection (01096),Gucci Luxury Collection (00004823),GUCCI LUX RG EDP100ml LV YOUR DARKEST IV,100.0,grande(75-125)
3614228839730,Gucci,Gucci Luxury Collection (01096),Gucci Luxury Collection (00004823),GUCCI LUX EDP100 TEAR FROM MOON VP IV,100.0,grande(75-125)
3614229391596,Gucci,Gucci Luxury Collection (01096),Gucci Luxury Collection (00004823),GUCCI LUX EDP100 CHANT FR NYMPH VP IV,100.0,grande(75-125)
3614229391602,Gucci,Gucci Luxury Collection (01096),Gucci Luxury Collection (00004823),GUCCI LUX RG MIDNIGHT STROL EDP 100ML IV,100.0,grande(75-125)
3616301787259,Gucci,Gucci Luxury Collection (01096),Gucci Luxury Collection (00004823),GUCCI LUX EDP100 GLOAMING NIGHT VP IV,100.0,grande(75-125)
3616301787297,Gucci,Gucci Luxury Collection (01096),Gucci Luxury Collection (00004823),GUCCI LUX RG EDP 100ml 1921,100.0,grande(75-125)
3616303474300,Gucci,Gucci Luxury Collection (01096),Gucci Luxury Collection (00004823),GUCCI LUX EDP100 A FLORAL VERSE VP IV,100.0,grande(75-125)
3616303806378,Gucci,Gucci Luxury Collection (01096),Gucci Luxury Collection (00004823),GUCCI LUX EDP100 A REASON TO LOVE VP IV,100.0,grande(75-125)
3616304104404,Gucci,Gucci Luxury Collection (01096),Gucci Luxury Collection (00004823),GUCCI LUX EDP100 WMY HEART BEAT VP IV,100.0,grande(75-125)
3616305169372,Gucci,Gucci Luxury Collection (01096),Gucci Luxury Collection (00004823),GUCCI LUX EDP 100 ML NEROLI VP IV,100.0,grande(75-125)
3616305169495,Gucci,Gucci Luxury Collection (01096),Gucci Luxury Collection (00004823),GUCCI LUX RG EDP HEART OF LEO 100ML IV,100.0,grande(75-125)
3616305261816,Gucci,Gucci Luxury Collection (01096),Gucci Luxury Collection (00004823),GUCCI LUX EDP 100 ML OSMANTHUS VP IV,100.0,grande(75-125)
3616305261823,Gucci,Gucci Luxury Collection (01096),Gucci Luxury Collection (00004823),GUCCI LUX EDP 100 ML VANILLAFIRENZE IV,100.0,grande(75-125)
3616305909220,Gucci,Gucci Luxury Collection (01096),Gucci Luxury Collection (00004823),GUCCI LUX EDP 100 ML EYE TIGER IV,100.0,grande(75-125)
3616305909275,Gucci,Gucci Luxury Collection (01096),Gucci Luxury Collection (00004823),GUCCI LUX EDP 100 ML VOICE SNAKE IV,100.0,grande(75-125)
3616305909329,Gucci,Gucci Luxury Collection (01096),Gucci Luxury Collection (00004823),GUCCI LUX EDP 100ml MID STROLL IV,100.0,grande(75-125)
3616305910172,Gucci,Gucci Luxury Collection (01096),Gucci Luxury Collection (00004823),GUCCI LUX EDP100 SONG FOR ROSE IV,100.0,grande(75-125)
3616305910226,Gucci,Gucci Luxury Collection (01096),Gucci Luxury Collection (00004823),GUCCI LUX EDP 100ML RG CHNTFTH NYMPH IV,100.0,grande(75-125)
3616305910271,Gucci,Gucci Luxury Collection (01096),Gucci Luxury Collection (00004823),GUCCI LUX EDP 100ML 1921 VPIV,100.0,grande(75-125)
3616305910325,Gucci,Gucci Luxury Collection (01096),Gucci Luxury Collection (00004823),GUCCI LUX EDP 100ML RG GLOAMIN NIGHT IV,100.0,grande(75-125)
3616305910370,Gucci,Gucci Luxury Collection (01096),Gucci Luxury Collection (00004823),GUCCI LUX EDP 100ML TRS FT MOON IV,100.0,grande(75-125)
3616305910424,Gucci,Gucci Luxury Collection (01096),Gucci Luxury Collection (00004823),GUCCI LUX EDP 100ML RG REASONTOLOVE IV,100.0,grande(75-125)
3616305910479,Gucci,Gucci Luxury Collection (01096),Gucci Luxury Collection (00004823),GUCCI LUX EDP 100ML WR MY HRT BEATS IV,100.0,grande(75-125)
3616305910523,Gucci,Gucci Luxury Collection (01096),Gucci Luxury Collection (00004823),GUCCI LUX EDP 100ML R FLORALVERSE IV,100.0,grande(75-125)
3616305910578,Gucci,Gucci Luxury Collection (01096),Gucci Luxury Collection (00004823),GUCCI LUX EDP 100ML THE HEART OF LEO IV,100.0,grande(75-125)
3616306142909,Gucci,Gucci Luxury Collection (01096),Gucci Luxury Collection (00004823),GUCCI LUX EDP 100 ML NECTAR IV,100.0,grande(75-125)
3616306142947,Gucci,Gucci Luxury Collection (01096),Gucci Luxury Collection (00004823),GUCCI LUX EDP 100 ML HEARTWOOD IV,100.0,grande(75-125)
3616307505963,Gucci,Gucci Luxury Collection (01096),Gucci Luxury Collection (00004823),GUCCI LUX EDP 100 ML COLL CHYPRE IV,100.0,grande(75-125)
3616305628091,Gucci,Gucci Luxury Collection (01096),Gucci Luxury Collection ROSES AND MUSKS (00006656),GUCCI LUX RMSK EDP 100ml H2 FURBIDEN IV,100.0,grande(75-125)
3616305628114,Gucci,Gucci Luxury Collection (01096),Gucci Luxury Collection ROSES AND MUSKS (00006656),GUCCI LUX RMSK EDP 100 H2 MUSKCLOUD IV,100.0,grande(75-125)
3616305628138,Gucci,Gucci Luxury Collection (01096),Gucci Luxury Collection ROSES AND MUSKS (00006656),GUCCI LUX RMSK EDP 100 H2 DNCQUEEN IV,100.0,grande(75-125)
3616305628152,Gucci,Gucci Luxury Collection (01096),Gucci Luxury Collection ROSES AND MUSKS (00006656),GUCCI LUX RMSK EDP 100ml H2 SELROSE IV,100.0,grande(75-125)
3614225307553,Gucci,Gucci Memoire d'une Odeur (01101),Gucci Memoire d'une Odeur - EDP (00004836),GUCCI NEW RG EDP MEMOIREODEUR 100ml 19IV,100.0,grande(75-125)
8005610328256,Gucci,Gucci by Gucci (00839),Gucci Oud Intense (00003457),GUCCI OUD INT EDP 90 ML CLN VP IV,90.0,grande(75-125)
3616306724501,Gucci,Gucci Heritage Lines (00843),Gucci Rush (00003480),GUCCI RUSH EDT NS 75 ML GAL IV,75.0,grande(75-125)
8005610328799,Gucci,Gucci Heritage Lines (00843),Gucci Rush (00003480),GUCCI RUSH EDT NS 75ml GAL IV,75.0,grande(75-125)
737052189857,Gucci,Gucci by Gucci (00839),Gucci by Gucci Pour Homme (00003453),GUCCI H RG EDT NS90ml CLN 21IV,90.0,grande(75-125)
766124069407,Gucci,Gucci by Gucci (00839),Gucci by Gucci Pour Homme II (00003454),GUCCI POUR HOMME II EDT 100ML,100.0,grande(75-125)
3616302968534,Gucci,Gucci Flora (01228),Flora Gorgeous Jasmine  (00005984),GUCCI FL G JSM EDP 50 ML IV,50.0,medio(45-60)
3614227912021,Gucci,Gucci Guilty (00840),GUILTY COLOGNE (00005068),GUCCI GUILT H RG PH COLOGNE 50ML 18 E,50.0,medio(45-60)
3616302022489,Gucci,Gucci Flora (01228),Gorgeous Gardenia (00005915),GUCCI FL GG EDP 50 ML VP IV,50.0,medio(45-60)
737052925073,Gucci,Gucci Bamboo (00838),Gucci Bamboo EDP (00003448),GUCCI BAM EDP RG EDP 50 ML IV,50.0,medio(45-60)
3616306986480,Gucci,Gucci Bamboo (00838),Gucci Bamboo EDT (00003449),GUCCI BAM EDT EDT NS 50 ML GAL IV,50.0,medio(45-60)
730870189016,Gucci,Gucci Bamboo (00838),Gucci Bamboo EDT (00003449),GUCCI BAMBOO Y2 50ML EDT,50.0,medio(45-60)
8005610295046,Gucci,Gucci Bamboo (00838),Gucci Bamboo EDT (00003449),GUCCI BAM EDT EDT NS 50ML Y2 STK IV,50.0,medio(45-60)
3614226761491,Gucci,Gucci Bloom (01043),Gucci Bloom - Acqua Di Fiori (00004477),GUCCI BM AQ DI FI EDT RG NS 50ml 18 IV,50.0,medio(45-60)
3614227570030,Gucci,Gucci Bloom (01043),Gucci Bloom - Nettare Di Fiori (00004835),GUCCI BM NETDIFIORI RG EDP 50ml 18 IV,50.0,medio(45-60)
3614229461336,Gucci,Gucci Bloom (01043),Gucci Bloom Ambrosia Di Fiori (00005235),GUCCI BM AMBR EDP 50ml 22IV,50.0,medio(45-60)
3616306976214,Gucci,Gucci Bloom (01043),Gucci Bloom Ambrosia dOro (00006855),Gucci Bloom Absolu 50ml REG,50.0,medio(45-60)
3614229461305,Gucci,Gucci Bloom (01043),Gucci Bloom Chapter 5 - Line (00005236),GUCCI BM CHPT5 RG EDP 50ml 20IV,50.0,medio(45-60)
3616306115927,Gucci,Gucci Bloom (01043),Gucci Bloom Chrysalis (00006776),GUCCI CHRYLS PRFM 50 ML IV,50.0,medio(45-60)
3616308110296,Gucci,Gucci Bloom (01043),Gucci Bloom EDP (00004476),GUCCI BM EDP 50 ML IV,50.0,medio(45-60)
8005610481043,Gucci,Gucci Bloom (01043),Gucci Bloom EDP (00004476),GUCCI BM EDP 50ML 24IV,50.0,medio(45-60)
3616304249709,Gucci,Gucci Bloom (01043),Gucci Bloom EDP Intense (00006292),GUCCI BM EDPIN EDP 50 ML IV,50.0,medio(45-60)
3616302514281,Gucci,Gucci Bloom (01043),Gucci Bloom EDT (00005943),GUCCI BM EDT NS 50 ML RG IV,50.0,medio(45-60)
3616308224054,Gucci,Gucci Bloom (01043),Gucci Bloom Signature (00007298),GUCCI BM SIGN EDP 50 ML GUCCIBLOOM IV,50.0,medio(45-60)
3616305275752,Gucci,Gucci Flora (01228),Gucci Flora Gorgeous Gardenia Intense (00007022),GUCCI FLG EDPI PRFM 50 ML INTENSE IV,50.0,medio(45-60)
3616303470906,Gucci,Gucci Flora (01228),Gucci Flora Gorgeous Magnolia (00006454),GUCCI FL G MAG RG EDP 50 ML IV,50.0,medio(45-60)
3616308181807,Gucci,Gucci Flora (01228),Gucci Flora Gorgeous Magnolia EDPI (00007240),GU FL MG EDPI EDP 50 ML IV,50.0,medio(45-60)
3616305169266,Gucci,Gucci Flora (01228),Gucci Flora Gorgeous Orchid (00006613),GUCCI FL G ORC EDP 50 ML VP IV,50.0,medio(45-60)
3616306727618,Gucci,Gucci Flora (01228),Gucci Flora Gorgeous Orchid Intense (00007099),GUCCI FLGO INT EDP 50 ML REG IV,50.0,medio(45-60)
3616306986626,Gucci,Gucci Guilty (00840),Gucci Guilty Absolute Pour Femme (00004475),GUCCI G ABSOW EDP 50 ML IV,50.0,medio(45-60)
8005610524146,Gucci,Gucci Guilty (00840),Gucci Guilty Absolute Pour Femme (00004475),GUCCI G ABSOW EDP 50ML RG PRFM STK IV,50.0,medio(45-60)
8005610344188,Gucci,Gucci Guilty (00840),Gucci Guilty Absolute Pour Homme (00003472),GUCCI G ABSO EDP 50ML PH STK IV,50.0,medio(45-60)
737052625980,Gucci,Gucci Guilty (00840),Gucci Guilty Black (00003464),GUCCI G BLK EDT NS 50ml GAL IV,50.0,medio(45-60)
3616305820747,Gucci,Gucci Guilty (00840),Gucci Guilty Black Pour Homme (00003465),GUCCI G BLK H RG EDT 50 ML ESSENCE IV,50.0,medio(45-60)
737052626345,Gucci,Gucci Guilty (00840),Gucci Guilty Black Pour Homme (00003465),GUCCI G BLK H RG EDT NS REST 50mL 20 IV,50.0,medio(45-60)
3616304175916,Gucci,Gucci Guilty (00840),Gucci Guilty Elixir PF (00006600),GG ELIXIR PF PRFM 60 ML IV,60.0,medio(45-60)
3616304175893,Gucci,Gucci Guilty (00840),Gucci Guilty Elixir PH (00006599),GG ELIXIR PH PRFM 60 ML NS IV,60.0,medio(45-60)
3616305931177,Gucci,Gucci Guilty (00840),Gucci Guilty Liqueurs PF (00007144),Guilty Absolu de Parfum PF 60ml REG,60.0,medio(45-60)
3616305931160,Gucci,Gucci Guilty (00840),Gucci Guilty Liqueurs PH (00007143),GG LIQUEURS M PRFM 60ML ABSOLU REG,60.0,medio(45-60)
3616307953283,Gucci,Gucci Guilty (00840),Gucci Guilty New27 pour Homme (00007262),GG NEW27 PH EDT NS 50 ML INTENSE IV,50.0,medio(45-60)
3616301976110,Gucci,Gucci Guilty (00840),Gucci Guilty PF 21 (00005854),GG PF21 EDT NS 50 ML EDT 50ML IV,50.0,medio(45-60)
3616301794646,Gucci,Gucci Guilty (00840),Gucci Guilty PF NEW 22 (00006018),GG PF EDP 50 ML INTENSE IV,50.0,medio(45-60)
3614229382112,Gucci,Gucci Guilty (00840),Gucci Guilty PH Eau de Parfum (00005405),GG PH P EDP 50 ML IV,50.0,medio(45-60)
3616301794615,Gucci,Gucci Guilty (00840),Gucci Guilty PH NEW 22 (00006019),GG PH EDP 50 ML PARF VP IV,50.0,medio(45-60)
737052338255,Gucci,Gucci Guilty (00840),Gucci Guilty Pour Femme (00003462),GUCCI GUILTY EDT VAPO 50ML GAL,50.0,medio(45-60)
3614227758117,Gucci,Gucci Guilty (00840),Gucci Guilty Pour Femme EDP (00005015),GUCCI G PF EDP EDP 50 ML IV,50.0,medio(45-60)
737052339207,Gucci,Gucci Guilty (00840),Gucci Guilty Pour Homme (00003463),GUCCI GUILT H EDT NS 50 ML IV,50.0,medio(45-60)
3616305267283,Gucci,Gucci Luxury Collection (01096),Gucci Luxury Collection SMALL SIZES (00006654),GUCCI LUX SMLL EDP 50 A FLORAL VERSE IV,50.0,medio(45-60)
3616305267290,Gucci,Gucci Luxury Collection (01096),Gucci Luxury Collection SMALL SIZES (00006654),GUCCI LUX SMLL EDP50 WHER MY HRT BEAT IV,50.0,medio(45-60)
3616305267306,Gucci,Gucci Luxury Collection (01096),Gucci Luxury Collection SMALL SIZES (00006654),GUCCI LUX SMLL EDP50 A REASON TO LOVE IV,50.0,medio(45-60)
3616305267313,Gucci,Gucci Luxury Collection (01096),Gucci Luxury Collection SMALL SIZES (00006654),GUCCI LUX SMLL EDP50 THE HEART OF LEO IV,50.0,medio(45-60)
3616305267320,Gucci,Gucci Luxury Collection (01096),Gucci Luxury Collection SMALL SIZES (00006654),GUCCI LUX SMLL EDP50 CHANT FRTH NYMPH IV,50.0,medio(45-60)
3616305267337,Gucci,Gucci Luxury Collection (01096),Gucci Luxury Collection SMALL SIZES (00006654),GUCCI LUX SMLL EDP 50ml 1921 IV,50.0,medio(45-60)
3616305267344,Gucci,Gucci Luxury Collection (01096),Gucci Luxury Collection SMALL SIZES (00006654),GUCCI LUX SMLL EDP50 A GLOAMING NIGHT IV,50.0,medio(45-60)
3616305267351,Gucci,Gucci Luxury Collection (01096),Gucci Luxury Collection SMALL SIZES (00006654),GUCCI LUX SMLL EDP50 A SONG FRTH ROSE IV,50.0,medio(45-60)
3616305267368,Gucci,Gucci Luxury Collection (01096),Gucci Luxury Collection SMALL SIZES (00006654),GUCCI LUX SMLL EDP50 TEARS FRMT MOON IV,50.0,medio(45-60)
3616305267375,Gucci,Gucci Luxury Collection (01096),Gucci Luxury Collection SMALL SIZES (00006654),GUCCI LUX SMLL EDP50 VOICE OT SNAKE IV,50.0,medio(45-60)
3616305267382,Gucci,Gucci Luxury Collection (01096),Gucci Luxury Collection SMALL SIZES (00006654),GUCCI LUX SMLL EDP50 EYES OT TIGER IV,50.0,medio(45-60)
3616305267399,Gucci,Gucci Luxury Collection (01096),Gucci Luxury Collection SMALL SIZES (00006654),GUCCI LUX SMLL EDP50 BIGARADIA NEROL IV,50.0,medio(45-60)
3616305267405,Gucci,Gucci Luxury Collection (01096),Gucci Luxury Collection SMALL SIZES (00006654),GUCCI LUX SMLL EDP 50ml SIXTINE IRIS IV,50.0,medio(45-60)
3616305267412,Gucci,Gucci Luxury Collection (01096),Gucci Luxury Collection SMALL SIZES (00006654),GUCCI LUX SMLL EDP 50ml OSMANTHUS IV,50.0,medio(45-60)
3616305267429,Gucci,Gucci Luxury Collection (01096),Gucci Luxury Collection SMALL SIZES (00006654),GUCCI LUX SMLL EDP50ML LIGHT SELROS VPIV,50.0,medio(45-60)
3616305267436,Gucci,Gucci Luxury Collection (01096),Gucci Luxury Collection SMALL SIZES (00006654),GUCCI LUX SMLL EDP50 DEEPROSE DANCQUN IV,50.0,medio(45-60)
3616305267443,Gucci,Gucci Luxury Collection (01096),Gucci Luxury Collection SMALL SIZES (00006654),GUCCI LUX SMLL EDP 50 WHITE MUSKCLOUD IV,50.0,medio(45-60)
3616305267450,Gucci,Gucci Luxury Collection (01096),Gucci Luxury Collection SMALL SIZES (00006654),GUCCI LUX SMLL EDP50 DARK MUSK FURBDN IV,50.0,medio(45-60)
3616305869388,Gucci,Gucci Luxury Collection (01096),Gucci Luxury Collection SMALL SIZES (00006654),GUCCI LUX SMLL EDP50 MIDNIGHT STRLL 25IV,50.0,medio(45-60)
3616306142916,Gucci,Gucci Luxury Collection (01096),Gucci Luxury Collection SMALL SIZES (00006654),GUCCI LUX SMLL EDP 50 ML NECTAR IV,50.0,medio(45-60)
3616306142954,Gucci,Gucci Luxury Collection (01096),Gucci Luxury Collection SMALL SIZES (00006654),GUCCI LUX SMLL EDP 50 ML HEARTWOOD IV,50.0,medio(45-60)
3614225307904,Gucci,Gucci Memoire d'une Odeur (01101),Gucci Memoire d'une Odeur - EDP (00004836),GUCCI MEMOIRE EDP 60ml 22IV,60.0,medio(45-60)
3616306724518,Gucci,Gucci Heritage Lines (00843),Gucci Rush (00003480),GUCCI RUSH EDT NS 50 ML GAL IV,50.0,medio(45-60)
8005610328768,Gucci,Gucci Heritage Lines (00843),Gucci Rush (00003480),GUCCI RUSH EDT NS 50ml GAL IV,50.0,medio(45-60)
737052189871,Gucci,Gucci by Gucci (00839),Gucci by Gucci Pour Homme (00003453),GUCCI H RG EDT NS50ml CLN 21IV,50.0,medio(45-60)
3616303048198,Gucci,Gucci Flora (01228),Flora Gorgeous Jasmine  (00005984),GUCCI FL G JSM EDP 10 ML IV,10.0,mini(<=15ml/penspray)
3616301786504,Gucci,Gucci Flora (01228),Gorgeous Gardenia (00005915),GUCCI FL GG RG RB EDP 7.4ml 21 IV,7.4,mini(<=15ml/penspray)
3616302039357,Gucci,Gucci Flora (01228),Gorgeous Gardenia (00005915),GUCCI FL GG EDP 10 ML PENSPRAY IV,10.0,mini(<=15ml/penspray)
3614229386448,Gucci,Gucci Bamboo (00838),Gucci Bamboo EDP (00003448),GUCCI BAM EDP RG RB 7.4ml GAL 19 IV,7.4,mini(<=15ml/penspray)
3614227570320,Gucci,Gucci Bloom (01043),Gucci Bloom - Nettare Di Fiori (00004835),GUCCI BM FIOR RG EDP RB 7.4ml 18 IV,7.4,mini(<=15ml/penspray)
3614229379761,Gucci,Gucci Bloom (01043),Gucci Bloom Ambrosia Di Fiori (00005235),GUCCI BM AMBR RG INT EDP 7.4ml 19 IV,7.4,mini(<=15ml/penspray)
3616304077067,Gucci,Gucci Bloom (01043),Gucci Bloom Ambrosia Di Fiori (00005235),GUCCI BM AMBR EDP 10ML PEN SPRAY RG 22IV,10.0,mini(<=15ml/penspray)
3616306976238,Gucci,Gucci Bloom (01043),Gucci Bloom Ambrosia dOro (00006855),GUCCI BM BQT PRFM 10 ML IV,10.0,mini(<=15ml/penspray)
3614229382334,Gucci,Gucci Bloom (01043),Gucci Bloom Chapter 5 - Line (00005236),GUCCI BM CHPT5 RG EDP 7.4ml 20 IV,7.4,mini(<=15ml/penspray)
3616304077043,Gucci,Gucci Bloom (01043),Gucci Bloom Chapter 5 - Line (00005236),GUCCI BM CHPT5 EDP10ML PROF PSPRAY 22IV,10.0,mini(<=15ml/penspray)
3616306115903,Gucci,Gucci Bloom (01043),Gucci Bloom Chrysalis (00006776),GUCCI CHRYLS PRFM 10ml PS IV,10.0,mini(<=15ml/penspray)
3616304077005,Gucci,Gucci Bloom (01043),Gucci Bloom EDP (00004476),GUCCI BM EDP 10ML PENSPRAY RG 24IV,10.0,mini(<=15ml/penspray)
8005610481609,Gucci,Gucci Bloom (01043),Gucci Bloom EDP (00004476),GUCCI BM EDP RG EDP RB PEN 7.4ML 18 IV,7.4,mini(<=15ml/penspray)
3616304249730,Gucci,Gucci Bloom (01043),Gucci Bloom EDP Intense (00006292),GUCCI BM EDPIN EDP 10ml PS IV,10.0,mini(<=15ml/penspray)
3616302514311,Gucci,Gucci Bloom (01043),Gucci Bloom EDT (00005943),GUCCI BM EDT RG 10ml PS 21IV,10.0,mini(<=15ml/penspray)
3616304077029,Gucci,Gucci Bloom (01043),Gucci Bloom EDT (00005943),GUCCI BM EDT NS 10 ML PENSPRAY RGIV,10.0,mini(<=15ml/penspray)
3616308224078,Gucci,Gucci Bloom (01043),Gucci Bloom Signature (00007298),GUCCI BM SIGN EDP 10 ML GUCCIBLOOM IV,10.0,mini(<=15ml/penspray)
3616305275776,Gucci,Gucci Flora (01228),Gucci Flora Gorgeous Gardenia Intense (00007022),GUCCI FLG EDPI PRFM 10ML INTEN P/SPRY IV,10.0,mini(<=15ml/penspray)
3616303470777,Gucci,Gucci Flora (01228),Gucci Flora Gorgeous Magnolia (00006454),GUCCI FL G MAG RG EDP 10 ML IV,10.0,mini(<=15ml/penspray)
3616308181784,Gucci,Gucci Flora (01228),Gucci Flora Gorgeous Magnolia EDPI (00007240),GU FL MG EDPI EDP 10 ML IV,10.0,mini(<=15ml/penspray)
3616305169297,Gucci,Gucci Flora (01228),Gucci Flora Gorgeous Orchid (00006613),GUCCI FL G ORC EDP 10 ML PENSPRAY VP IV,10.0,mini(<=15ml/penspray)
3616306727632,Gucci,Gucci Flora (01228),Gucci Flora Gorgeous Orchid Intense (00007099),GUCCI FLGO INT EDP 10 ML REG IV,10.0,mini(<=15ml/penspray)
3616307513425,Gucci,Gucci Guilty (00840),Gucci Guilty Black Pour Homme (00003465),GUCCI G BLK H RG EDT 10 ML ESSENCE PS IV,10.0,mini(<=15ml/penspray)
3616307953290,Gucci,Gucci Guilty (00840),Gucci Guilty New27 pour Homme (00007262),GG NEW27 PH EDT NS 10 ML INTENSE PS IV,10.0,mini(<=15ml/penspray)
3614228843713,Gucci,Gucci Guilty (00840),Gucci Guilty PF 21 (00005854),GG PF21 RG EDT ROLLER BALL7.4ml NEW 21IV,7.4,mini(<=15ml/penspray)
3616302039548,Gucci,Gucci Guilty (00840),Gucci Guilty PF 21 (00005854),GG PF21 EDT NS 10 ML IV,10.0,mini(<=15ml/penspray)
3616301794677,Gucci,Gucci Guilty (00840),Gucci Guilty PF NEW 22 (00006018),GG PF EDP 10 ml INTENSE PF IV,10.0,mini(<=15ml/penspray)
3616307513418,Gucci,Gucci Guilty (00840),Gucci Guilty PH Eau de Parfum (00005405),GG PH P EDP 10 ML PENSPRAY IV,10.0,mini(<=15ml/penspray)
3614227392144,Gucci,Gucci Guilty (00840),Gucci Guilty Pour Femme EDP (00005015),GUCCI GUILT RG EDP  PF 7.4ml 19 IV,7.4,mini(<=15ml/penspray)
3616304077081,Gucci,Gucci Guilty (00840),Gucci Guilty Pour Femme EDP (00005015),GUCCI G PF EDP 10 ML RG IV,10.0,mini(<=15ml/penspray)
3616307513401,Gucci,Gucci Guilty (00840),Gucci Guilty Pour Homme (00003463),GUCCI GUILT H EDT NS 10 ML PENSPRAY IV,10.0,mini(<=15ml/penspray)
3616302968589,Gucci,Gucci Flora (01228),Flora Gorgeous Jasmine  (00005984),GUCCI FL G JSM EDP 30 ML IV,30.0,pequeño(20-40)
737052294667,Gucci,Flora by Gucci (00837),Flora by Gucci EDP (00003439),GUCCI FLO EDP 30ml IV,30.0,pequeño(20-40)
3616302022465,Gucci,Gucci Flora (01228),Gorgeous Gardenia (00005915),GUCCI FL GG EDP 30 ML VP IV,30.0,pequeño(20-40)
737052925028,Gucci,Gucci Bamboo (00838),Gucci Bamboo EDP (00003448),GUCCI BAM EDP RG EDP 30 ML IV,30.0,pequeño(20-40)
8005610295015,Gucci,Gucci Bamboo (00838),Gucci Bamboo EDT (00003449),GUCCI BAMBOO Y2 30ML EDT GAL,30.0,pequeño(20-40)
3614227570085,Gucci,Gucci Bloom (01043),Gucci Bloom - Nettare Di Fiori (00004835),GUCCI BM NETDIFIORI RG EDP 30ml 18 IV,30.0,pequeño(20-40)
3614228958578,Gucci,Gucci Bloom (01043),Gucci Bloom Ambrosia Di Fiori (00005235),GUCCI BM AMBR EDP 30ml 22IV,30.0,pequeño(20-40)
3616306976221,Gucci,Gucci Bloom (01043),Gucci Bloom Ambrosia dOro (00006855),Gucci Bloom Absolu 30ml REG,30.0,pequeño(20-40)
3614229461367,Gucci,Gucci Bloom (01043),Gucci Bloom Chapter 5 - Line (00005236),GUCCI BM CHPT5 EDP 30ml 22IV,30.0,pequeño(20-40)
3616306115910,Gucci,Gucci Bloom (01043),Gucci Bloom Chrysalis (00006776),GUCCI CHRYLS PRFM 30ml IV,30.0,pequeño(20-40)
3616308110289,Gucci,Gucci Bloom (01043),Gucci Bloom EDP (00004476),GUCCI BM EDP 30ML GAL VP 24IV,30.0,pequeño(20-40)
8005610481081,Gucci,Gucci Bloom (01043),Gucci Bloom EDP (00004476),GUCCI BM EDP 30ML GAL VP 24IV,30.0,pequeño(20-40)
3616304249693,Gucci,Gucci Bloom (01043),Gucci Bloom EDP Intense (00006292),GUCCI BM EDPIN EDP 30 ML IV,30.0,pequeño(20-40)
3616302514274,Gucci,Gucci Bloom (01043),Gucci Bloom EDT (00005943),GUCCI BM EDT NS 30 ML RG IV,30.0,pequeño(20-40)
3616308224061,Gucci,Gucci Bloom (01043),Gucci Bloom Signature (00007298),GUCCI BM SIGN EDP 30 ML GUCCIBLOOM IV,30.0,pequeño(20-40)
3616305275769,Gucci,Gucci Flora (01228),Gucci Flora Gorgeous Gardenia Intense (00007022),GUCCI FLG EDPI PRFM 30 ML INTENSE IV,30.0,pequeño(20-40)
3616303470869,Gucci,Gucci Flora (01228),Gucci Flora Gorgeous Magnolia (00006454),GUCCI FL G MAG RG EDP 30 ML IV,30.0,pequeño(20-40)
3616308181791,Gucci,Gucci Flora (01228),Gucci Flora Gorgeous Magnolia EDPI (00007240),GU FL MG EDPI EDP 30 ML IV,30.0,pequeño(20-40)
3616305169259,Gucci,Gucci Flora (01228),Gucci Flora Gorgeous Orchid (00006613),GUCCI FL G ORC EDP 30ML IV,30.0,pequeño(20-40)
3616306727625,Gucci,Gucci Flora (01228),Gucci Flora Gorgeous Orchid Intense (00007099),GUCCI FLGO INT EDP 30 ML REG IV,30.0,pequeño(20-40)
8005610524115,Gucci,Gucci Guilty (00840),Gucci Guilty Absolute Pour Femme (00004475),GUCCI G ABSOW RG PRFM EDP 30ML 17,30.0,pequeño(20-40)
737052625942,Gucci,Gucci Guilty (00840),Gucci Guilty Black (00003464),GUCCI G BLK EDT NS 30ml GAL IV,30.0,pequeño(20-40)
3616301976134,Gucci,Gucci Guilty (00840),Gucci Guilty PF 21 (00005854),GG PF21 EDT NS 30 ML IV,30.0,pequeño(20-40)
3616301794653,Gucci,Gucci Guilty (00840),Gucci Guilty PF NEW 22 (00006018),GG PF EDP 30ml INTENSE PF IV,30.0,pequeño(20-40)
737052338408,Gucci,Gucci Guilty (00840),Gucci Guilty Pour Femme (00003462),GUCCI GUILTY EDT VAPO 30ML,30.0,pequeño(20-40)
3614227758063,Gucci,Gucci Guilty (00840),Gucci Guilty Pour Femme EDP (00005015),GUCCI G PF EDP EDP 30 ML IV,30.0,pequeño(20-40)
737052339238,Gucci,Gucci Guilty (00840),Gucci Guilty Pour Homme (00003463),GUCCI GUILT H EDT NS 30ml GAL IV,30.0,pequeño(20-40)
3614225307881,Gucci,Gucci Memoire d'une Odeur (01101),Gucci Memoire d'une Odeur - EDP (00004836),GUCCI MMR EDP 40ml 22IV,40.0,pequeño(20-40)
3616304255250,Gucci,Gucci Flora (01228),Flora Gorgeous Jasmine  (00005984),GUCCI FL G JSM EDP 150ML FL JMBO SIZS IV,150.0,refill/jumbo(>=150)
3616304255243,Gucci,Gucci Flora (01228),Gorgeous Gardenia (00005915),GUCCI FL GG EDP 150 ML JUMBO SIZES IV,150.0,refill/jumbo(>=150)
3616304255267,Gucci,Gucci Flora (01228),Gorgeous Gardenia (00005915),GUCCI FL GG EDP 150 UPGRADE REFILL RG IV,150.0,refill/jumbo(>=150)
3616307416610,Gucci,Gucci Flora (01228),Gucci Flora Gorgeous Gardenia Intense (00007022),GUCCI FLG EDPI EDP 150 ML INT GLS RFL IV,150.0,refill/jumbo(>=150)
3616303470845,Gucci,Gucci Flora (01228),Gucci Flora Gorgeous Magnolia (00006454),GUCCI FL G MAG RG EDP 150 ML JUMBO IV,150.0,refill/jumbo(>=150)
3616303470852,Gucci,Gucci Flora (01228),Gucci Flora Gorgeous Magnolia (00006454),GUCCI FL G MAG RG EDP 150 ML REFILL IV,150.0,refill/jumbo(>=150)
3616304984686,Gucci,Gucci Flora (01228),Gucci Flora Gorgeous Orchid (00006613),GUCCI FL G ORC EDP 150 ML Y4 REFI VP IV,150.0,refill/jumbo(>=150)
3616305259516,Gucci,Gucci Flora (01228),Gucci Flora Gorgeous Orchid (00006613),GUCCI FL G ORC EDP 150ML JUMBO Y4 IV,150.0,refill/jumbo(>=150)
3616306727663,Gucci,Gucci Flora (01228),Gucci Flora Gorgeous Orchid Intense (00007099),GUCCI FLGO INT EDP 150 ML REFILL IV,150.0,refill/jumbo(>=150)
8005610344218,Gucci,Gucci Guilty (00840),Gucci Guilty Absolute Pour Homme (00003472),GUCCI G ABSO RG EDP 150ml PH 20IV,150.0,refill/jumbo(>=150)
3614228835978,Gucci,Gucci Guilty (00840),Gucci Guilty Black Pour Homme (00003465),GUCCI G BLK H EDT NS 200ml IV,200.0,refill/jumbo(>=150)
3616305820792,Gucci,Gucci Guilty (00840),Gucci Guilty Black Pour Homme (00003465),GUCCI G BLK H RG EDT 200 ML ESSENCE IV,200.0,refill/jumbo(>=150)
3614228835985,Gucci,Gucci Guilty (00840),Gucci Guilty PH Eau de Parfum (00005405),GG PH P EDP 200ML NS IV,200.0,refill/jumbo(>=150)
3614229382167,Gucci,Gucci Guilty (00840),Gucci Guilty PH Eau de Parfum (00005405),GG PH P EDP 150 ML RG IV,150.0,refill/jumbo(>=150)
3616301794592,Gucci,Gucci Guilty (00840),Gucci Guilty PH NEW 22 (00006019),GG PH EDP 150 ML PARFUM VP IV,150.0,refill/jumbo(>=150)
3616303458805,Gucci,Gucci Guilty (00840),Gucci Guilty PH NEW 22 (00006019),GG PH EDP 200 ML PARFUM XL FY23 VP IV,200.0,refill/jumbo(>=150)
3616303463267,Gucci,Gucci Guilty (00840),Gucci Guilty Pour Femme EDP (00005015),GUCCI G PF EDP EDP 150 ML IV,150.0,refill/jumbo(>=150)
3614227912274,Gucci,Gucci Guilty (00840),Gucci Guilty Pour Homme (00003463),GUCCI GUILT H EDT NS 200MLIV,200.0,refill/jumbo(>=150)
737052924922,Gucci,Gucci Guilty (00840),Gucci Guilty Pour Homme (00003463),GUCCI GUILT H EDT NS 150 ML IV,150.0,refill/jumbo(>=150)
3614227575967,Gucci,Gucci Luxury Collection (01096),Gucci Luxury Collection (00004823),GUCCI LUX EDT NS 150ML RG FAD ATUM VP IV,150.0,refill/jumbo(>=150)
3614227575974,Gucci,Gucci Luxury Collection (01096),Gucci Luxury Collection (00004823),GUCCI LUX EDT NS RG WIN MEL 150ML VP IV,150.0,refill/jumbo(>=150)
3614227575981,Gucci,Gucci Luxury Collection (01096),Gucci Luxury Collection (00004823),GUCCI LUX EDT NS RG MNL SRNAD150ML VP IV,150.0,refill/jumbo(>=150)
3616305909879,Gucci,Gucci Luxury Collection (01096),Gucci Luxury Collection (00004823),GUCCI LUX EDT NS 150ml FADING AUTUMN  IV,150.0,refill/jumbo(>=150)
3616305909923,Gucci,Gucci Luxury Collection (01096),Gucci Luxury Collection (00004823),GUCCI LUX EDT NS 150ml A WINTER MLDY IV,150.0,refill/jumbo(>=150)
3616305909978,Gucci,Gucci Luxury Collection (01096),Gucci Luxury Collection (00004823),GUCCI LUX EDT NS 150ml MNLIGHT SERND  IV,150.0,refill/jumbo(>=150)
